,,,Slide ID,Cdc20,CycB,UbcH10,CycE,CycA,E2F,CycD,cdh1,p27,Rb
,,,Antibody Name,Cdc20,CycB,UbcH10,CycE,CycA,E2F,CycD,cdh1,p27,Rb
,,,HUGO ID,Cdc20,CycB,UbcH10,CycE,CycA,E2F,CycD,cdh1,p27,Rb
Cell Line,Inhibitor,Stimulus,Timepoint
C1,no,Insulin,0.0,0.40461854248663875,0.34630390654174303,0.612187444993744,0.5674355053017286,0.6945822762989289,0.12650580010650503,0.915415919180251,0.7996003777716538,0.6162842395723507,0.668819723779575
C1,no,Insulin,0.16722408026755853,0.3507935996982534,0.37324438184434006,0.49516476127863596,0.45736043974422813,0.48576769363919575,0.17357115524733208,0.7416114665730906,0.79006795135559,0.5115183646843159,0.603475235023206
C1,no,Insulin,0.33444816053511706,0.31634870853789937,0.3939573932645719,0.4022238770761475,0.3792870306455539,0.34874592475968313,0.21180271505458942,0.6101603746621442,0.7826469356177947,0.4271756375253285,0.5587385892618975
C1,no,Insulin,0.5016722408026756,0.2944651584704135,0.40971184246355846,0.3282579908646861,0.3239232649570171,0.25906189448684225,0.24289499844529686,0.5100128751478422,0.7771356005674525,0.3590631211671933,0.5295035494499448
C1,no,Insulin,0.6688963210702341,0.2806841150295896,0.4215405696798433,0.26929307377960593,0.28472091123135373,0.2005599295398156,0.2681163161984874,0.43313780811806113,0.7732238506596428,0.30385613261611183,0.5117279602145763
C1,no,Insulin,0.8361204013377926,0.27209673083669533,0.430301208380698,0.22221697723619988,0.25701577594599434,0.16255258545705453,0.28845109750606696,0.37367689218824296,0.7705631775752095,0.2589253472006478,0.5022477496214763
C1,no,Insulin,1.0033444816053512,0.26681294152174945,0.43670280842007864,0.1845777266378267,0.23747392493587113,0.13797355817170323,0.3046970534118226,0.3273380538514988,0.7688206298563633,0.2221951318814143,0.4986215782875021
C1,no,Insulin,1.1705685618729098,0.2636113340346231,0.441321462273768,0.15443408724069185,0.2237117612670274,0.12215856007152234,0.31752651593485737,0.2909604550294148,0.7677122631598594,0.19202821589594923,0.49899664571123786
C1,no,Insulin,1.3377926421404682,0.2617079474223842,0.4446149202155637,0.13024482185624917,0.2140278631612117,0.11203664024976165,0.3275209777119857,0.2622026439870166,0.7670168592566973,0.16713266129190288,0.5019918061825318
C1,no,Insulin,1.5050167224080266,0.2606036640537817,0.4469387021172281,0.11078553098596403,0.2072110622523051,0.10559255682075679,0.3351879257623522,0.2393188172547,0.7665747460959693,0.14648758436255893,0.5065969969288656
C1,no,Insulin,1.6722408026755853,0.2599837400817105,0.44856307583251587,0.09508461108852535,0.20240221600329852,0.10150925462068155,0.340968149144199,0.2209981058518485,0.7662781587584911,0.1292844190839863,0.512088690213314
C1,no,Insulin,1.839464882943144,0.25965189376564357,0.449689552838001,0.08237255482944535,0.19899437505108683,0.09893014940398723,0.3452395555636687,0.20624885580072588,0.7660587845112695,0.11488082698729948,0.5179606801319186
C1,no,Insulin,2.0066889632107023,0.2594873156387422,0.45046579812057935,0.07204107877391554,0.19656070017882593,0.09730136506196913,0.34832084855624473,0.19431508345672918,0.7658760452852458,0.10276472652111719,0.523868836285173
C1,no,Insulin,2.1739130434782608,0.25941680521097055,0.45099835630252805,0.06360997474929406,0.19480249274149194,0.09626722209928569,0.3504762807153834,0.1846159318996062,0.7657076676203214,0.092526303238781,0.5295879670083806
C1,no,Insulin,2.3411371237458196,0.259396851532106,0.4513630395219577,0.05670030754797538,0.1935118259703292,0.09560118955572175,0.3519214697003886,0.17670160041363867,0.7655427932679126,0.08383625092184309,0.5349787612242376
C1,no,Insulin,2.508361204013378,0.25940221141909353,0.45161311294764617,0.0510129041740811,0.19254476528970196,0.09516041408736045,0.3528297848511893,0.17022109920124154,0.7653772719181813,0.07642884610828807,0.5399628495620235
C1,no,Insulin,2.6755852842809364,0.25941870234155456,0.45178556531476055,0.04631123250164751,0.19180224983659938,0.09485588614998564,0.3533387704969248,0.16489851635079664,0.7652106086647233,0.07008875893660138,0.5445042459912349
C1,no,Insulin,2.842809364548495,0.2594387109528947,0.4519058026515152,0.042407875150569464,0.19121650531069645,0.09463296372674923,0.3535562029062573,0.1605154410189043,0.7650440752346207,0.06464075079769582,0.5485957097475703
C1,no,Insulin,3.0100334448160533,0.2594584273649479,0.4519910949638026,0.03915390458363496,0.19074142719438017,0.09445870890643095,0.3535655387299675,0.1568978472734281,0.7648795978638424,0.05994160030894332,0.552248841299365
C1,no,Insulin,3.177257525083612,0.25947617426248815,0.45205306598287076,0.03643057328471384,0.19034581497665495,0.09431372364780607,0.35343065121960504,0.15390623933426908,0.7647191452614684,0.055873756378308985,0.555486985899377
C1,no,Insulin,3.3444816053511706,0.25949141518976615,0.45209946525776246,0.03414283153256534,0.19000863715540212,0.09418691900010863,0.35319983821629863,0.15142818729815574,0.7645644241396455,0.05234033048491074,0.5583402190164921
C1,no,Insulin,3.511705685618729,0.2595041814655934,0.45213541290557935,0.03221427866608876,0.18971574048109566,0.09407219962152724,0.35290914570973114,0.14937262987385316,0.7644167578045838,0.04926113208140516,0.5608418664840918
C1,no,Insulin,3.678929765886288,0.2595147518263583,0.45216426395787035,0.030583230344380593,0.18945757861501947,0.09396638703874027,0.3525850805496861,0.14766548956591433,0.7642770674848262,0.046569517173336676,0.5630261414349361
C1,no,Insulin,3.8461538461538463,0.2595234809288545,0.4521882022997461,0.029199650874854665,0.18922765545508857,0.09386793564014369,0.35224679506496387,0.14624626793925152,0.7641459061950185,0.04420987250099811,0.5649265878405141
C1,no,Insulin,4.013377926421405,0.2595307169995992,0.45220864114843057,0.028022766193361796,0.18902147773771613,0.09377616813852677,0.35190782343400173,0.1450653936747518,0.7640235171127667,0.04213560665707835,0.5665751096798424
C1,no,Insulin,4.1806020066889635,0.2595367640186564,0.4522264939154365,0.027019192678848447,0.18883584668176276,0.09369081625823447,0.3515774512196937,0.14408212862171993,0.7639098961913432,0.040307532798615826,0.5680013964621874
C1,no,Insulin,4.3478260869565215,0.2595418717042116,0.4522423541426353,0.026161464964824147,0.18866839010937872,0.09361176665109218,0.35126179049111417,0.14326290333521344,0.7638048532288042,0.038692560600471305,0.5692326349702691
C1,no,Insulin,4.51505016722408,0.259546238042959,0.45225661045428617,0.025426889571342298,0.18851726520852571,0.09353893179651468,0.3509646030824844,0.14258000171147903,0.7637080649049763,0.037262646645470375,0.5702934225378761
C1,no,Insulin,4.682274247491639,0.2595500154171172,0.4522695244816454,0.024796629452767612,0.1883809601945381,0.09347218204228852,0.3506879419578896,0.14201049335343005,0.7636191186044122,0.035993934009188475,0.5712057926493969
C1,no,Insulin,4.849498327759197,0.2595533197069365,0.4522812784957485,0.0242549833114398,0.18825817605163464,0.09341132635464904,0.35043263633858235,0.14153537790010048,0.7635375478361016,0.034866054608571555,0.5719893316383085
C1,no,Insulin,5.016722408026756,0.25955623842260733,0.4522920055939878,0.0237888135533255,0.18814775453283344,0.09335611254152512,0.35019865728948474,0.14113889283940778,0.7634628591970294,0.033861560145839256,0.5726613405776593
C1,no,Insulin,5.183946488294314,0.2595588374630738,0.4523018096465211,0.02338707768815191,0.18804863293301222,0.09330623578063565,0.3499854005563834,0.1408079370863748,0.7633945529710681,0.03296544499050444,0.5732370185112977
C1,no,Insulin,5.351170568561873,0.2595611670779138,0.4523107746811953,0.023040471015716324,0.18795982630011562,0.09326135665338246,0.3497918802288292,0.14053162191931734,0.7633321370139287,0.03216476988769134,0.5737296652411302
C1,no,Insulin,5.518394648829432,0.25956326592776174,0.4523189726442328,0.022741123692750182,0.18788041297477012,0.09322111381505709,0.34961688306666766,0.14030088564683607,0.7632751369004491,0.03144833838165446,0.5741508725915787
C1,no,Insulin,5.68561872909699,0.25956516394082035,0.45232646798275644,0.022482359098396423,0.18780952724574404,0.09318513497396544,0.3494590777301922,0.14010818097595912,0.7632231022377088,0.030806432097157464,0.5745107081092217
C1,no,Insulin,5.852842809364549,0.25956688505888303,0.45233331909178,0.022258497824004932,0.18774635934898387,0.09315304996899203,0.34931709007585593,0.13994721903546412,0.7631756105124353,0.03023059100120793,0.574817894088433
C1,no,Insulin,6.020066889632107,0.259568449036846,0.4523395793496021,0.022064696797704654,0.1876901553650808,0.09312449979796487,0.34918955592444234,0.13981275726700781,0.7631322689244682,0.02971342972517412,0.5750799701474356
C1,no,Insulin,6.187290969899665,0.25956987222860145,0.4523452982433268,0.021896818510577568,0.1876402155247845,0.09309914075822404,0.34907515613206874,0.1397004255482383,0.7630927145499332,0.029248485550403467,0.5753034366817088
C1,no,Insulin,6.354515050167224,0.2595711685212649,0.45235052176801094,0.021751313234267516,0.18759589392548404,0.09307664930486863,0.3489726437712217,0.13960656981038472,0.7630566140827952,0.02883008019443475,0.5754938924141504
C1,no,Insulin,6.521739130434782,0.25957235005266605,0.4523552919994063,0.02162514104487595,0.18755659886861528,0.09305672514933747,0.3488808486453114,0.1395281481954985,0.7630236620655801,0.028453224041263197,0.5756561480798957
C1,no,Insulin,6.688963210702341,0.25957342757254365,0.4523596478270573,0.021515688208707782,0.1875217901509691,0.09303909207990967,0.3487986896291217,0.13946262016961267,0.762993579704752,0.028113515922425836,0.5757943327524045
C1,no,Insulin,6.8561872909699,0.2595744106149981,0.4523636251759819,0.021420704146111122,0.18749097665523878,0.09302349768932205,0.3487251763927508,0.13940786311018769,0.7629661129992986,0.02780706519291066,0.5759119855638114
C1,no,Insulin,7.023411371237458,0.2595753075419709,0.45236725719682164,0.021338249441921496,0.1874637134294043,0.09300971217522369,0.34865940768798326,0.13936210424934917,0.7629410307645046,0.027530426564743155,0.5760121347229668
C1,no,Insulin,7.190635451505017,0.25957612607522784,0.4523705739706583,0.021266651658395485,0.18743960045619298,0.09299752929210284,0.3486005661687502,0.1393238644133771,0.7629181227603852,0.027280543780521388,0.576097370617399
C1,no,Insulin,7.357859531772576,0.2595768732758955,0.4523736030066079,0.02120446592558499,0.18741827885228377,0.09298676438835014,0.3485479149099118,0.1392919074465829,0.7628971979293414,0.027054699424141113,0.5761699070515034
C1,no,Insulin,7.525083612040134,0.25957755552223144,0.45237636953155697,0.021150443776865445,0.18739942735606066,0.09297725238830937,0.34850079176100357,0.13926520130074993,0.7628780826368248,0.026850474345477875,0.5762316326495073
C1,no,Insulin,7.6923076923076925,0.2595781784366704,0.4523788965996899,0.02110350411692229,0.18738275909005211,0.09296884567710471,0.3484586033420862,0.13924288215699612,0.7628606188896448,0.026665709627576827,0.5762841592790783
C1,no,Insulin,7.8595317725752505,0.25957874717113816,0.4523812051510457,0.021062710438900758,0.18736801899247385,0.0929614133995442,0.34842081883910936,0.13922422750650698,0.7628446629568731,0.026498476041612394,0.5763288618876531
C1,no,Insulin,8.02675585284281,0.25957926651159274,0.4523833140674548,0.02102725294459184,0.18735498094755668,0.09295483997179899,0.3483869631652174,0.13920863592659827,0.7628300839740818,0.02634704937340257,0.5763669110145003
C1,no,Insulin,8.193979933110368,0.25957974086589686,0.45238524068436414,0.020996430330022374,0.18734344464106223,0.09294902355210129,0.3483566131176303,0.13919560559761862,0.7628167629125223,0.026209885988625774,0.5763993019184251
C1,no,Insulin,8.361204013377927,0.25958017431105423,0.4523870009168672,0.020969632709848737,0.18733323276660147,0.09294387453402386,0.34832939161041376,0.13918471486444023,0.7628045913217423,0.026085599368513186,0.5764268844691052
C1,no,Insulin,8.528428093645484,0.2595805702988964,0.45238860926766233,0.020946332879440144,0.18732418857098193,0.09293931320661032,0.34830496357158713,0.13917561342408313,0.7627934703446391,0.025972947185752403,0.5764503775310339
C1,no,Insulin,8.695652173913043,0.25958093189395914,0.4523900789469667,0.02092607128206926,0.18731617352304858,0.09293526901686086,0.3482830306588968,0.13916800568769747,0.7627833096675791,0.02587081038913224,0.5764703954583028
C1,no,Insulin,8.862876254180602,0.25958126212942234,0.45239142167451707,0.020908450898952078,0.18730906621382096,0.09293168056863085,0.3482633268564249,0.13916164745689086,0.762774026881205,0.02577818450776144,0.5764874584647068
C1,no,Insulin,9.03010033444816,0.2595815638260914,0.4523926482316912,0.020893125956148804,0.18730275968297366,0.0929284941069327,0.3482456154450986,0.13915633329249263,0.7627655467382669,0.02569416382176394,0.5765020104337523
C1,no,Insulin,9.19732441471572,0.25958183965847975,0.4523937687953061,0.020879796443642833,0.18729715977989445,0.09292566307353008,0.34822968637538676,0.13915189181945536,0.7627578007159572,0.025617932634515957,0.5765144277946987
C1,no,Insulin,9.364548494983278,0.25958209182146597,0.4523947925913734,0.020868202090939068,0.18729218355500213,0.09292314590765875,0.3482153526748347,0.13914818011738356,0.7627507260669796,0.02554875577063159,0.576525029337232
C1,no,Insulin,9.531772575250836,0.25958232203368437,0.45239572808357653,0.020858115704913426,0.1872877575429941,0.09292090519912383,0.348202447482706,0.13914507740766088,0.7627442652267188,0.025485968372995868,0.5765340871233984
C1,no,Insulin,9.698996655518394,0.2595825321069264,0.4523965826637994,0.02084934090865736,0.18728381770930577,0.09291890845503688,0.3481908222314039,0.13914248402483073,0.7627383655648673,0.025428971426333796,0.576541830888653
C1,no,Insulin,9.866220735785953,0.25958272387847586,0.45239736274100806,0.020841706539253487,0.18728030793073708,0.09291712709716513,0.34818034391273617,0.13914031629630386,0.7627329787932688,0.025377222928876078,0.5765484570585997
C1,no,Insulin,10.033444816053512,0.25958289913270927,0.45239807472312316,0.02083506431480988,0.1872771788465512,0.09291553689812306,0.34817089482115215,0.13913850473721753,0.7627280610491823,0.02533023367176891,0.5765541313834872
C1,no,Insulin,10.200668896321071,0.25958305966092504,0.4523987248899507,0.020829284642519527,0.18727438686771847,0.09291411734058967,0.34816237013453344,0.13913699058660867,0.7627235723786009,0.02528756025923397,0.5765589958482562
C1,no,Insulin,10.367892976588628,0.25958320648975636,0.4523993188129846,0.02082425547331347,0.18727189347681633,0.09291284915006638,0.3481546761256791,0.13913572524398832,0.7627194760133517,0.025248802307365998,0.5765631695225716
C1,no,Insulin,10.535117056856187,0.2595833401182725,0.4523998615915439,0.020819878821939503,0.18726966434259024,0.09291171443671303,0.3481477286205493,0.139134667466244,0.7627157381259806,0.025213596533851565,0.5765667540761258
C1,no,Insulin,10.702341137123746,0.259583461676665,0.4524003571115994,0.020816070059693617,0.18726766995601596,0.09291069775036578,0.3481414522523828,0.13913378340563698,0.762712327649985,0.025181614726347848,0.5765698356277447
C1,no,Insulin,10.869565217391305,0.25958357253065323,0.4524008084131097,0.020812755115920345,0.18726588449086823,0.09290978525147106,0.34813577900115766,0.13913304441460153,0.7627092159475101,0.025152558738182264,0.5765724885042627
C1,no,Insulin,11.036789297658864,0.2595836740469551,0.4524012195559629,0.020809870136301253,0.18726428499745731,0.09290896629574809,0.34813064937363974,0.13913242695897976,0.7627063773960636,0.02512615949948035,0.576574774770698
C1,no,Insulin,11.20401337792642,0.2595837675985285,0.45240159498965044,0.02080735877811351,0.1872628508641465,0.09290823242809365,0.3481260102595201,0.13913191078872827,0.7627037887753723,0.02510217172651297,0.5765767483772927
C1,no,Insulin,11.37123745819398,0.25958385269922724,0.45240193828397296,0.020805172656883104,0.18726156361010524,0.0929075739431698,0.34812181342790277,0.13913147938700046,0.7627014285303186,0.025080373957562695,0.5765784536064504
C1,no,Insulin,11.538461538461538,0.25958392957420956,0.4524022519132846,0.020803269491379475,0.18726040720010326,0.09290698194631024,0.3481180151242114,0.1391311187942297,0.7626992766625983,0.025060564934177083,0.576579928773647
C1,no,Insulin,11.705685618729097,0.2595839997277872,0.45240253719307844,0.020801612688778653,0.18725936811336447,0.09290644870319446,0.34811457586549405,0.13913081743934927,0.7626973146432544,0.02504256251594512,0.5765812069469838
C1,no,Insulin,11.872909698996656,0.2595840642016247,0.4524027970857157,0.020800170188510516,0.18725843379117996,0.09290596864167391,0.34811146106274204,0.13913056556559716,0.7626955260534336,0.025026201010492896,0.5765823161844935
C1,no,Insulin,12.040133779264213,0.25958412331286285,0.45240303426180833,0.020798914164985024,0.18725759300110162,0.09290553656435459,0.34810863958349375,0.13913035504872118,0.7626938959207653,0.025011330189195942,0.5765832801918419
C1,no,Insulin,12.207357859531772,0.2595841767486973,0.45240325084637795,0.020797820429181695,0.18725683571661372,0.09290514732195553,0.3481060831696243,0.13913017909955955,0.7626924104863285,0.024997813657786767,0.576584119052372
C1,no,Insulin,12.37458193979933,0.25958422530751607,0.4524034480641305,0.020796868028971034,0.18725615341368002,0.09290479617422637,0.3481037661707073,0.13913003206375288,0.7626910569277844,0.02498552797479126,0.576584850149703
C1,no,Insulin,12.54180602006689,0.2595842697497123,0.45240362760996794,0.020796038673409022,0.18725553839053405,0.09290447924673251,0.3481016656970001,0.13912990920248983,0.7626898236394909,0.024974360851139576,0.576585488341493
C1,no,Insulin,12.709030100334449,0.2595843104579365,0.45240379126709385,0.02079531635276502,0.18725498366246,0.09290419319696622,0.34809976116258706,0.13912980652430618,0.762688700087798,0.024964209967088393,0.5765860463499991
C1,no,Insulin,12.876254180602007,0.2595843474702031,0.4524039404861963,0.02079468709010217,0.18725448296427907,0.09290393489699082,0.3480980338803766,0.13912972068023696,0.7626876766257943,0.02495498212250144,0.5765865350630694
C1,no,Insulin,13.043478260869565,0.25958438114762183,0.4524040764124221,0.020794138881272347,0.18725403084410905,0.09290370150449671,0.3480964670431699,0.13912964892349303,0.762686744413365,0.024946593291335084,0.5765869637282943
C1,no,Insulin,13.210702341137123,0.2595844118584519,0.45240420022591665,0.020793661260651297,0.1872536224176567,0.09290349052731499,0.3480950455127532,0.139129588949011,0.7626858953914859,0.024938967111351795,0.5765873403000004
C1,no,Insulin,13.377926421404682,0.25958443986199753,0.4524043130128005,0.020793245151839192,0.1872532533201729,0.09290329975376738,0.3480937556726978,0.1391295388361276,0.7626851222405531,0.024932034414494854,0.576587671578609
C1,no,Insulin,13.545150501672241,0.25958446537571755,0.45240441575968426,0.020792882488399597,0.1872529195803837,0.0929031271671991,0.348092585030846,0.1391294969346885,0.7626844181898828,0.024925731455954715,0.5765879635450843
C1,no,Insulin,13.7123745819398,0.2595844886088685,0.4524045093339831,0.020792566388407506,0.18725261770015184,0.09290297097923136,0.3480915224333098,0.13912946190524325,0.7626837771223428,0.024920001001274672,0.5765882212342407
C1,no,Insulin,13.879598662207357,0.25958450977011815,0.4524045945371907,0.02079229094773742,0.18725234458372458,0.092902829605511,0.34809055790954996,0.13912943264638492,0.7626831935130945,0.024914791609288348,0.5765884489263988
C1,no,Insulin,14.046822742474916,0.2595845290529074,0.4524046721320845,0.02079205071484138,0.18725209732386042,0.09290270155851185,0.3480896820548231,0.13912940816308472,0.7626826621263211,0.024910054626865772,0.5765886505564566
C1,no,Insulin,14.214046822742475,0.25958454661836655,0.452404742790022,0.020791841229831354,0.18725187343275237,0.09290258556534707,0.34808888672976906,0.13912938768820388,0.7626821783776933,0.024905747669318076,0.5765888293095583
C1,no,Insulin,14.381270903010034,0.25958456262002805,0.45240480713341064,0.02079165839712517,0.1872516705918127,0.09290248043757474,0.3480881643193422,0.13912937052632404,0.7626817379641962,0.024901831025823485,0.5765889881119779
C1,no,Insulin,14.548494983277592,0.25958457718724853,0.45240486572146504,0.020791498870657794,0.18725148679373177,0.09290238514651308,0.34808750814076517,0.13912935615921612,0.7626813370579595,0.024898269574517625,0.5765891293166321
C1,no,Insulin,14.715719063545151,0.2595845904375002,0.45240491905713187,0.020791359806149896,0.1872513202595157,0.092902298779228,0.34808691221401344,0.1391293441740334,0.762680972204219,0.024895031745658085,0.5765892549091561
C1,no,Insulin,14.882943143812708,0.2595846024973484,0.45240496762073334,0.020791238332940155,0.18725116923792118,0.09290222043469189,0.3480863706788187,0.13912933412696354,0.7626806400380091,0.024892086735746177,0.5765893669255883
C1,no,Insulin,15.050167224080267,0.2595846134635952,0.4524050118062204,0.020791132539197375,0.18725103238081983,0.09290214941800741,0.3480858788870679,0.1391293257966859,0.7626803378160771,0.024889409734306398,0.5765894666743822
C1,no,Insulin,15.217391304347826,0.25958462343290994,0.4524050519855731,0.020791040618184604,0.1872509084174879,0.0929020850736239,0.3480854324715167,0.13912931895879424,0.7626800629656844,0.024886977463077758,0.5765895554202628
C1,no,Insulin,15.384615384615385,0.2595846325167556,0.4524050885471469,0.02079096039987003,0.187250795975766,0.09290202669433462,0.3480850268398995,0.13912931326008124,0.7626798128402638,0.02488476575118859,0.5765896347626026
C1,no,Insulin,15.551839464882944,0.259584640809247,0.4524051218122599,0.020790890364976555,0.187250693969262,0.09290197371822984,0.34808465826950935,0.1391293084909645,0.762679585247995,0.024882754781896468,0.5765897058158315
C1,no,Insulin,15.719063545150501,0.2595846483876921,0.4524051520814307,0.020790829180230837,0.1872506014077213,0.09290192563356481,0.34808432335243095,0.13912930447963506,0.7626793781719395,0.024880926349018583,0.5765897695526626
C1,no,Insulin,15.88628762541806,0.2595846553070735,0.4524051796430448,0.020790775642927323,0.18725051736961862,0.0929018819654976,0.3480840189084707,0.13912930108690932,0.762679189721859,0.024879263396314927,0.5765898268322833
C1,no,Insulin,16.05351170568562,0.2595846616171437,0.4524052047484395,0.020790728833361437,0.18725044107916927,0.09290184231321483,0.34808374223176014,0.13912929821781353,0.7626790182717916,0.024877751329913406,0.5765898783272224
C1,no,Insulin,16.220735785953178,0.25958466735795943,0.45240522761774526,0.020790687916075218,0.18725037181833037,0.0929018063065723,0.3480834908001631,0.13912929579453645,0.7626788623048111,0.02487637654441835,0.5765899246412725
C1,no,Insulin,16.387959866220736,0.2595846725602797,0.4524052484391738,0.020790652111962987,0.18725030891516442,0.09290177360030004,0.3480832622362716,0.13912929375194671,0.7626787203926282,0.02487512622970492,0.5765899663273363
C1,no,Insulin,16.555183946488295,0.2595846772431623,0.4524052673735327,0.020790620864262168,0.18725025181299804,0.09290174390844476,0.348083054539403,0.13912929206427183,0.7626785913168698,0.024873989519560134,0.5765900037812066
C1,no,Insulin,16.722408026755854,0.2595846814500276,0.45240528457520013,0.02079059356464809,0.18725019995753905,0.09290171694568485,0.34808286574333464,0.13912929067317759,0.7626784738907734,0.02487295581396711,0.5765900374663612
C1,no,Insulin,16.889632107023413,0.2595846852349647,0.4524053001832162,0.02079056963363531,0.187250152829892,0.09290169244473576,0.3480826940128448,0.13912928951158038,0.7626783670094142,0.024872015250502828,0.5765900678431825
C1,no,Insulin,17.05685618729097,0.259584688632199,0.45240531430141867,0.020790548699852154,0.18725011002017436,0.09290167019515963,0.34808253785897525,0.1391292885567417,0.7626782697616981,0.024871159755435045,0.5765900952111385
C1,no,Insulin,17.224080267558527,0.2595846916733318,0.45240532700965924,0.020790530498818648,0.18725007118595136,0.09290165002145259,0.3480823960174892,0.13912928780028988,0.7626781813671274,0.024870382450251503,0.5765901197978902
C1,no,Insulin,17.391304347826086,0.25958469440817306,0.45240533840930997,0.020790514744845615,0.18725003598927004,0.09290163174887113,0.34808226726195507,0.13912928722158485,0.7626781010694038,0.024869676668710792,0.5765901418525582
C1,no,Insulin,17.558528428093645,0.2595846969316089,0.45240534868195154,0.02079050096582971,0.1872500040154553,0.0929016151593603,0.34808215016268923,0.1391292867533684,0.7626780279992116,0.024869034689184496,0.5765901617660016
C1,no,Insulin,17.725752508361204,0.2595846993196172,0.45240535794960807,0.020790488896688174,0.1872499749664966,0.09290160009651058,0.3480820436608319,0.13912928636356808,0.7626779615009972,0.02486845075357736,0.5765901797843731
C1,no,Insulin,17.892976588628763,0.2595847016535622,0.4524053663278155,0.02079047832997284,0.1872499485876195,0.09290158642570608,0.348081946850372,0.1391292860242367,0.7626779010088921,0.024867919921052386,0.576590196117881
C1,no,Insulin,18.06020066889632,0.2595847040040917,0.45240537394026487,0.020790469092980254,0.18724992465134166,0.09290157402510871,0.3480818589283682,0.1391292857123337,0.7626778460189303,0.02486743779020113,0.5765902109481849
C1,no,Insulin,18.22742474916388,0.2595847063338664,0.45240538098688526,0.02079046095933592,0.18724990288758392,0.09290156274568644,0.34808177897369147,0.13912928542254724,0.7626777959662213,0.02486699924510331,0.5765902244405609
C1,no,Insulin,18.39464882943144,0.25958470863181454,0.4524053876498745,0.020790453771027437,0.18724988308013216,0.09290155246638312,0.34808170625240875,0.13912928514959705,0.7626777503944786,0.02486660018603944,0.5765902367271106
C1,no,Insulin,18.561872909698998,0.2595847108864914,0.4524053941123464,0.02079044741418841,0.1872498650474957,0.09290154308317065,0.3480816401571828,0.1391292848917464,0.7626777089223787,0.024866237186050782,0.5765902479100934
C1,no,Insulin,18.729096989966557,0.25958471306961917,0.45240540055861383,0.020790441806236116,0.18724984863306846,0.09290153450382013,0.3480815801733192,0.13912928465215418,0.7626776712255111,0.024865907306492237,0.5765902580650332
C1,no,Insulin,18.896321070234112,0.2595847150129075,0.45240540695040715,0.020790436841794286,0.18724983367144213,0.09290152663962131,0.34808152569473083,0.13912928443256448,0.7626776369562172,0.024865607274115034,0.5765902672850625
C1,no,Insulin,19.06354515050167,0.25958471651514853,0.4524054132214357,0.020790432439709156,0.18724982001769436,0.09290151941258191,0.3480814761839426,0.139129284238793,0.7626776058132844,0.0248653341965312,0.576590275642369
C1,no,Insulin,19.23076923076923,0.25958471737342104,0.4524054193340734,0.020790428556747932,0.187249807555922,0.0929015127575252,0.34808143121871027,0.13912928408232567,0.7626775775622507,0.024865085770669305,0.5765902831769629
C1,no,Insulin,19.39799331103679,0.25958471734883254,0.4524054252171251,0.020790425172559666,0.18724979618987272,0.09290150661978709,0.34808139044083924,0.13912928397856364,0.7626775520131124,0.02486486005391719,0.5765902899090087
C1,no,Insulin,19.565217391304348,0.2595847162371193,0.4524054309999083,0.0207904221977629,0.18724978574987589,0.09290150089755354,0.3480813532869245,0.13912928393641216,0.762677528838058,0.024864653862734714,0.5765902959082536
C1,no,Insulin,19.732441471571907,0.25958471481680884,0.4524054351017129,0.020790419651976946,0.18724977638066287,0.09290149578018332,0.348081319685857,0.13912928390039753,0.7626775079786183,0.02486446812810734,0.5765903013106034
C1,no,Insulin,19.899665551839465,0.2595847127199288,0.4524054380066964,0.02079041740810418,0.18724976783751185,0.09290149110195103,0.34808128893249096,0.13912928388901422,0.7626774890225806,0.02486429860912729,0.5765903061874674
C1,no,Insulin,20.066889632107024,0.25958471014392603,0.4524054390491914,0.020790415448149618,0.18724976011037595,0.09290148690119752,0.3480812607465956,0.13912928388640958,0.7626774718064641,0.024864144314368872,0.5765903106182357
C1,no,Insulin,20.234113712374583,0.2595847081816043,0.4524054383135053,0.020790413736020155,0.18724975319135964,0.092901483263046,0.3480812348987159,0.13912928387418577,0.7626774560581799,0.02486400413371361,0.5765903147058645
C1,no,Insulin,20.401337792642142,0.2595847111727409,0.4524054388339088,0.020790412167132104,0.18724974706813127,0.09290148042529739,0.34808121136891257,0.13912928382671982,0.7626774411158501,0.02486387649271728,0.5765903186316812
C1,no,Insulin,20.568561872909697,0.25958471548886924,0.4524054405415944,0.020790410753616866,0.187249741519354,0.09290147794601902,0.34808119007906463,0.13912928377215675,0.7626774273473417,0.024863760347397054,0.5765903222572667
C1,no,Insulin,20.735785953177256,0.259584717851465,0.45240544219775025,0.02079040951564885,0.18724973639425782,0.09290147548480045,0.3480811707913108,0.13912928373192177,0.7626774150391589,0.024863654760888306,0.5765903254806499
C1,no,Insulin,20.903010033444815,0.2595847188052012,0.4524054429204892,0.020790408433473895,0.18724973170241574,0.09290147311087003,0.3480811531696749,0.13912928369936828,0.7626774039638757,0.024863558714706205,0.5765903283709964
C1,no,Insulin,21.070234113712374,0.25958471961862956,0.45240544361828655,0.02079040747986569,0.18724972743393495,0.0929014709425028,0.3480811371596601,0.13912928367193697,0.7626773939041644,0.024863471412501982,0.5765903309897987
C1,no,Insulin,21.237458193979933,0.25958472046585584,0.45240544466332105,0.020790406632847667,0.18724972353850622,0.09290146897438421,0.3480811226450896,0.1391292836486232,0.7626773847514386,0.024863391940842007,0.5765903333693134
C1,no,Insulin,21.40468227424749,0.2595847210995499,0.4524054457361566,0.020790405884428955,0.18724971998499573,0.09290146716391388,0.34808110947040155,0.13912928362914095,0.7626773764517563,0.024863319675492317,0.5765903355230728
C1,no,Insulin,21.57190635451505,0.25958472155364004,0.45240544670181765,0.020790405224255258,0.18724971674881322,0.09290146550050053,0.3480810974950206,0.13912928361288604,0.7626773689207179,0.02486325397550137,0.5765903374732623
C1,no,Insulin,21.73913043478261,0.2595847219146406,0.45240544757717804,0.020790404641224537,0.18724971380357053,0.09290146397978613,0.34808108660516174,0.1391292835993002,0.7626773620776096,0.02486319422561757,0.5765903392418917
C1,no,Insulin,21.906354515050168,0.2595847222130155,0.4524054483938718,0.020790404126011477,0.18724971112367578,0.09290146259253672,0.34808107670793065,0.13912928358795498,0.7626773558600562,0.02486313989899266,0.5765903408461717
C1,no,Insulin,22.073578595317727,0.2595847224640683,0.452405449158279,0.02079040366999911,0.18724970868395371,0.09290146132746921,0.3480810677077416,0.13912928357846205,0.7626773502068313,0.024863090473618888,0.5765903423026971
C1,no,Insulin,22.240802675585286,0.25958472267740185,0.4524054498715026,0.02079040326724177,0.18724970646655756,0.09290146017626798,0.3480810595359548,0.1391292835705605,0.7626773450742782,0.024863045577722002,0.5765903436232194
C1,no,Insulin,22.40802675585284,0.25958472286324213,0.45240545053012104,0.02079040291059221,0.1872497044491092,0.09290145912800661,0.3480810521052254,0.13912928356395157,0.7626773404072823,0.024863004742598456,0.5765903448224341
C1,no,Insulin,22.5752508361204,0.2595847230199645,0.4524054511443535,0.020790402591268554,0.18724970259786167,0.09290145816467059,0.3480810452923259,0.1391292835583678,0.7626773361290882,0.024862967290931456,0.5765903459204885
C1,no,Insulin,22.74247491638796,0.2595847231461825,0.4524054517204078,0.0207904023043525,0.18724970089370493,0.09290145727601669,0.3480810390277083,0.13912928355366283,0.7626773321964055,0.02486293283998147,0.5765903469287361
C1,no,Insulin,22.909698996655518,0.25958472324189613,0.4524054522582839,0.020790402049844052,0.18724969933663901,0.0929014564620449,0.34808103331137263,0.13912928354983667,0.7626773286092343,0.024862901389748497,0.576590347847177
C1,no,Insulin,23.076923076923077,0.2595847233071054,0.4524054527579819,0.020790401827743207,0.1872496979266639,0.09290145572275522,0.3480810281433188,0.13912928354688933,0.7626773253675747,0.02486287294023254,0.576590348675811
C1,no,Insulin,23.244147157190636,0.2595847233418103,0.4524054532195017,0.020790401638049964,0.18724969666377958,0.09290145505814768,0.3480810235235469,0.1391292835448208,0.7626773224714265,0.024862847491433596,0.5765903494146385
C1,no,Insulin,23.411371237458194,0.2595847233458707,0.45240545364286344,0.020790401480677453,0.18724969554766127,0.0929014544680337,0.3480810194508782,0.13912928354362797,0.7626773199200727,0.024862825036914296,0.5765903500638483
C1,no,Insulin,23.578595317725753,0.25958472330140986,0.4524054540306349,0.0207904013445416,0.18724969453687149,0.09290145392835844,0.3480810157749147,0.13912928354291854,0.7626773176220162,0.024862804755312863,0.5765903506475767
C1,no,Insulin,23.745819397993312,0.2595847231959748,0.4524054543846048,0.020790401221921165,0.18724969360254456,0.09290145342236508,0.3480810123908882,0.1391292835424192,0.7626773155135195,0.02486278607446377,0.5765903511826371
C1,no,Insulin,23.91304347826087,0.2595847230295654,0.452405454704773,0.02079040111281616,0.18724969274468048,0.09290145295005363,0.3480810092987988,0.13912928354212994,0.7626773135945825,0.024862768994367013,0.5765903516690297
C1,no,Insulin,24.080267558528426,0.2595847228021818,0.4524054549911396,0.02079040101722657,0.18724969196327929,0.09290145251142409,0.34808100649864643,0.13912928354205073,0.7626773118652053,0.024862753515022592,0.5765903521067542
C1,no,Insulin,24.247491638795985,0.25958472251382386,0.45240545524370457,0.020790400935152407,0.18724969125834096,0.09290145210647648,0.3480810039904312,0.13912928354218163,0.7626773103253879,0.02486273963643051,0.5765903524958109
C1,no,Insulin,24.414715719063544,0.25958472216438927,0.4524054554623107,0.0207904008665831,0.18724969062981614,0.09290145173516708,0.3480810017739435,0.1391292835425221,0.7626773089750184,0.024862727357576362,0.5765903528362275
C1,no,Insulin,24.581939799331103,0.25958472170951447,0.4524054555788763,0.02079040080694565,0.1872496900563488,0.09290145137858152,0.34808099975849277,0.13912928354286366,0.762677307765687,0.024862716239351986,0.5765903531400822
C1,no,Insulin,24.74916387959866,0.2595847211126774,0.4524054555373531,0.020790400752475326,0.1872496895203576,0.09290145102114859,0.34808099786941804,0.1391292835430347,0.7626773066575403,0.024862705920261536,0.5765903534173187
C1,no,Insulin,24.91638795986622,0.25958472037387803,0.45240545533774124,0.020790400703172132,0.18724968902184247,0.09290145066286827,0.3480809961067192,0.13912928354303514,0.7626773056505782,0.024862696400305015,0.5765903536679365
C1,no,Insulin,25.08361204013378,0.25958471949311646,0.4524054549800406,0.020790400659036062,0.18724968856080346,0.09290145030374056,0.34808099447039637,0.13912928354286502,0.7626773047448009,0.02486268767948242,0.5765903538919361
C1,no,Insulin,25.25083612040134,0.25958471847039255,0.45240545446425123,0.020790400620067123,0.18724968813724055,0.09290144994376547,0.3480809929604495,0.13912928354252435,0.7626773039402082,0.024862679757793753,0.5765903540893172
C1,no,Insulin,25.418060200668897,0.2595847173057116,0.45240545379037217,0.020790400586265294,0.1872496877511539,0.09290144958294351,0.3480809915768774,0.13912928354201312,0.7626773032367989,0.024862672635234968,0.5765903542600802
C1,no,Insulin,25.585284280936456,0.25958471623604407,0.45240545291351575,0.020790400556930332,0.1872496874086747,0.09290144924544302,0.3480809902682498,0.13912928354132834,0.7626773025790964,0.024862666128259908,0.5765903544178625
C1,no,Insulin,25.752508361204015,0.25958471549394585,0.45240545178963043,0.02079040053137504,0.18724968711582,0.09290144895498212,0.34808098898409434,0.1391292835404671,0.7626773019126571,0.024862660056741648,0.5765903545760478
C1,no,Insulin,25.91973244147157,0.259584715079417,0.4524054504187163,0.020790400509599412,0.18724968687258972,0.09290144871156077,0.34808098772441104,0.13912928353942947,0.7626773012374813,0.024862654420680187,0.5765903547346357
C1,no,Insulin,26.08695652173913,0.2595847149924575,0.4524054488007734,0.020790400491603453,0.18724968667898395,0.092901448515179,0.34808098648919983,0.13912928353821535,0.7626773005535689,0.024862649220075524,0.5765903548936264
C1,no,Insulin,26.254180602006688,0.2595847151109092,0.45240544762331664,0.02079040046995767,0.1872496864979852,0.09290144837396808,0.34808098540134935,0.13912928353694218,0.7626772999187089,0.024862644437076076,0.5765903550450434
C1,no,Insulin,26.421404682274247,0.2595847151812932,0.4524054483129429,0.02079040042924584,0.18724968625278213,0.09290144830480049,0.34808098471585347,0.13912928353585355,0.7626772994528143,0.024862640034639734,0.5765903551723356
C1,no,Insulin,26.588628762541806,0.2595847151958042,0.45240545091358164,0.02079040036899325,0.1872496859410095,0.09290144830819579,0.34808098444056446,0.13912928353495693,0.7626772991595774,0.024862636011625843,0.5765903552749931
C1,no,Insulin,26.755852842809364,0.2595847151544421,0.4524054554252329,0.020790400289199897,0.1872496855626673,0.09290144838415397,0.3480809845754822,0.13912928353425238,0.7626772990389983,0.024862632368034404,0.5765903553530162
C1,no,Insulin,26.923076923076923,0.2595847155887084,0.4524054603828685,0.020790400207287067,0.18724968521208685,0.09290144853852635,0.348080984831844,0.1391292835337052,0.7626772989221324,0.024862629085681133,0.5765903554347949
C1,no,Insulin,27.090301003344482,0.2595847182442097,0.45240546044916236,0.020790400186598605,0.18724968522088867,0.09290144877043811,0.34808098416473404,0.139129283533182,0.7626772982184216,0.02486262608676624,0.5765903556172883
C1,no,Insulin,27.25752508361204,0.2595847207049869,0.4524054594901256,0.020790400180450832,0.187249685275835,0.09290144894723203,0.34808098337383947,0.1391292835327331,0.7626772975061652,0.024862623356058686,0.5765903557911217
C1,no,Insulin,27.4247491638796,0.25958472219228446,0.4524054587953151,0.020790400172956715,0.18724968527207514,0.09290144903149339,0.34808098272383114,0.13912928353235834,0.7626772969741007,0.02486262087405123,0.5765903559205451
C1,no,Insulin,27.59197324414716,0.25958472304937935,0.45240545830714385,0.02079040016464078,0.1872496852321137,0.09290144905829201,0.34808098218290556,0.13912928353204512,0.7626772965681525,0.024862618617318755,0.5765903560192086
C1,no,Insulin,27.759197324414714,0.2595847235702201,0.45240545795041087,0.020790400156287994,0.1872496851765093,0.09290144905610022,0.3480809817189418,0.13912928353178342,0.7626772962401608,0.024862616565574272,0.5765903560990688
C1,no,Insulin,27.926421404682273,0.25958472391606224,0.4524054576935601,0.020790400148146496,0.18724968511573561,0.09290144904093728,0.3480809813149359,0.13912928353156512,0.7626772959636423,0.02486261470116896,0.5765903561667881
C1,no,Insulin,28.093645484949832,0.2595847242286073,0.4524054574584354,0.02079040014044905,0.18724968505735745,0.0929014490253058,0.348080980935975,0.1391292835313635,0.7626772957052748,0.02486261294378452,0.576590356230089
C1,no,Insulin,28.26086956521739,0.25958472455182485,0.4524054572121467,0.020790400133298897,0.1872496850036118,0.09290144901270324,0.3480809805681584,0.13912928353116805,0.7626772954532137,0.02486261125974486,0.5765903562916481
C1,no,Insulin,28.42809364548495,0.25958472480365463,0.4524054570179767,0.020790400126496526,0.18724968495034816,0.0929014489966863,0.34808098023810335,0.13912928353099888,0.7626772952298954,0.024862609713824795,0.5765903563464085
C1,no,Insulin,28.59531772575251,0.25958472498409674,0.4524054568759253,0.02079040012004194,0.18724968489756652,0.09290144897725501,0.34808097994581,0.139129283530856,0.7626772950353193,0.02486260830602433,0.5765903563943704
C1,no,Insulin,28.762541806020067,0.2595847250931511,0.4524054567859926,0.020790400113935133,0.18724968484526686,0.09290144895440933,0.34808097969127827,0.13912928353073942,0.762677294869486,0.024862607036343458,0.5765903564355338
C1,no,Insulin,28.929765886287626,0.2595847251308178,0.4524054567481785,0.020790400108176108,0.18724968479344922,0.09290144892814929,0.34808097947450817,0.1391292835306491,0.7626772947323951,0.02486260590478218,0.5765903564698985
C1,no,Insulin,29.096989966555185,0.2595847250970968,0.4524054567624831,0.020790400102764867,0.18724968474211356,0.09290144889847486,0.34808097929549964,0.1391292835305851,0.7626772946240467,0.0248626049113405,0.5765903564974648
C1,no,Insulin,29.264214046822744,0.25958472499198804,0.45240545682890637,0.020790400097701403,0.1872496846912599,0.09290144886538608,0.34808097915425273,0.13912928353054735,0.7626772945444408,0.024862604056018412,0.5765903565182325
C1,no,Insulin,29.431438127090303,0.2595847249595143,0.452405456848213,0.020790400093033266,0.1872496846464403,0.09290144883947216,0.3480809790008687,0.13912928353049753,0.7626772944516609,0.024862603197468993,0.5765903565418987
C1,no,Insulin,29.598662207357858,0.25958472498596175,0.45240545682985217,0.020790400088755923,0.18724968460712607,0.09290144881972477,0.348080978840099,0.1391292835304392,0.7626772943496983,0.02486260234915135,0.5765903565675402
C1,no,Insulin,29.765886287625417,0.25958472499537444,0.4524054568261594,0.02079040008484431,0.18724968457038912,0.0929014488005593,0.3480809786982595,0.13912928353039267,0.7626772942606593,0.024862601585610156,0.5765903565900428
C1,no,Insulin,29.933110367892976,0.2595847249877525,0.45240545683713473,0.020790400081298413,0.18724968453622948,0.09290144878197575,0.3480809785753502,0.13912928353035794,0.7626772941845439,0.024862600906845406,0.5765903566094063
C1,no,Insulin,30.100334448160535,0.2595847249630957,0.45240545686277817,0.020790400078118245,0.18724968450464713,0.09290144876397412,0.3480809784713712,0.13912928353033502,0.7626772941213521,0.0248626003128571,0.576590356625631
C1,no,Insulin,30.267558528428093,0.2595847249214043,0.45240545690308964,0.0207904000753038,0.18724968447564208,0.09290144874655439,0.34808097838632246,0.13912928353032386,0.7626772940710839,0.024862599803645236,0.5765903566387166
C1,no,Insulin,30.434782608695652,0.2595847248626781,0.4524054569580692,0.020790400072855077,0.1872496844492143,0.09290144872971658,0.34808097832020396,0.1391292835303245,0.7626772940337391,0.02486259937920982,0.5765903566486634
C1,no,Insulin,30.60200668896321,0.2595847247869172,0.4524054570277169,0.020790400070772076,0.18724968442536385,0.09290144871346069,0.3480809782730157,0.13912928353033696,0.762677294009318,0.024862599039550844,0.5765903566554712
C1,no,Insulin,30.76923076923077,0.25958472474344096,0.45240545705762847,0.020790400062507007,0.18724968434775666,0.09290144866946315,0.3480809780027742,0.13912928353024398,0.7626772938445681,0.024862597534363613,0.5765903566974784
C1,no,Insulin,30.93645484949833,0.25958472472674227,0.4524054570829373,0.020790400062153123,0.18724968434165606,0.0929014486657353,0.3480809779921558,0.13912928353026088,0.7626772938385888,0.024862597449455348,0.5765903566991978
C1,no,Insulin,31.103678929765888,0.25958472471004357,0.45240545710824615,0.02079040006179924,0.1872496843355555,0.09290144866200746,0.3480809779815375,0.13912928353027781,0.7626772938326096,0.024862597364547087,0.5765903567009172
C1,no,Insulin,31.270903010033443,0.25958472469334487,0.45240545713355496,0.020790400061445356,0.1872496843294549,0.09290144865827961,0.3480809779709191,0.13912928353029472,0.7626772938266304,0.024862597279638826,0.5765903567026367
C1,no,Insulin,31.438127090301002,0.25958472467664623,0.45240545715886377,0.020790400061091473,0.18724968432335432,0.09290144865455176,0.34808097796030074,0.13912928353031165,0.7626772938206512,0.02486259719473056,0.5765903567043561
C1,no,Insulin,31.60535117056856,0.25958472465994753,0.4524054571841726,0.020790400060737586,0.18724968431725372,0.0929014486508239,0.34808097794968235,0.13912928353032855,0.762677293814672,0.0248625971098223,0.5765903567060755
C1,no,Insulin,31.77257525083612,0.25958472464324883,0.4524054572094814,0.020790400060383702,0.18724968431115313,0.09290144864709605,0.348080977939064,0.13912928353034548,0.7626772938086928,0.02486259702491404,0.576590356707795
C1,no,Insulin,31.93979933110368,0.25958472462655013,0.4524054572347902,0.02079040006002982,0.18724968430505257,0.0929014486433682,0.3480809779284456,0.13912928353036239,0.7626772938027135,0.024862596940005775,0.5765903567095144
C1,no,Insulin,32.10702341137124,0.25958472462433513,0.45240545723944947,0.020790400059934575,0.1872496843031544,0.09290144864232669,0.348080977923328,0.13912928353036688,0.7626772937995532,0.02486259690746767,0.5765903567103453
C1,no,Insulin,32.274247491638796,0.25958472462304427,0.45240545724279113,0.020790400059855836,0.1872496843015244,0.09290144864145658,0.3480809779185613,0.13912928353037055,0.7626772937965727,0.024862596878271213,0.5765903567111195
C1,no,Insulin,32.441471571906355,0.2595847246217534,0.45240545724613274,0.020790400059777094,0.1872496842998944,0.09290144864058647,0.34808097791379466,0.1391292835303742,0.7626772937935921,0.024862596849074752,0.5765903567118936
C1,no,Insulin,32.608695652173914,0.2595847246204626,0.4524054572494744,0.020790400059698354,0.18724968429826438,0.09290144863971637,0.348080977909028,0.1391292835303779,0.7626772937906116,0.024862596819878294,0.5765903567126678
C1,no,Insulin,32.77591973244147,0.25958472461917176,0.45240545725281606,0.020790400059619615,0.18724968429663438,0.09290144863884627,0.3480809779042613,0.13912928353038156,0.762677293787631,0.024862596790681837,0.5765903567134419
C1,no,Insulin,32.94314381270903,0.2595847246178809,0.45240545725615766,0.020790400059540876,0.1872496842950044,0.09290144863797616,0.34808097789949466,0.13912928353038523,0.7626772937846505,0.02486259676148538,0.5765903567142161
C1,no,Insulin,33.11036789297659,0.25958472461659005,0.4524054572594993,0.020790400059462134,0.1872496842933744,0.09290144863710605,0.34808097789472797,0.13912928353038892,0.7626772937816699,0.02486259673228892,0.5765903567149904
C1,no,Insulin,33.27759197324415,0.2595847246152992,0.452405457262841,0.020790400059383395,0.1872496842917444,0.09290144863623594,0.3480809778899613,0.13912928353039258,0.7626772937786894,0.024862596703092463,0.5765903567157645
C1,no,Insulin,33.44481605351171,0.25958472461400833,0.4524054572661826,0.020790400059304655,0.1872496842901144,0.09290144863536583,0.34808097788519465,0.13912928353039627,0.7626772937757089,0.024862596673896002,0.5765903567165387
C1,no,Insulin,33.61204013377927,0.25958472461271753,0.45240545726952425,0.020790400059225913,0.1872496842884844,0.09290144863449573,0.34808097788042797,0.13912928353039994,0.7626772937727283,0.024862596644699544,0.5765903567173128
C1,no,Insulin,33.779264214046826,0.2595847246114267,0.4524054572728659,0.020790400059147174,0.1872496842868544,0.09290144863362562,0.34808097787566133,0.1391292835304036,0.7626772937697478,0.024862596615503087,0.576590356718087
C1,no,Insulin,33.94648829431438,0.2595847246101358,0.4524054572762075,0.020790400059068435,0.1872496842852244,0.09290144863275551,0.34808097787089465,0.1391292835304073,0.7626772937667673,0.02486259658630663,0.5765903567188612
C1,no,Insulin,34.11371237458194,0.25958472460884496,0.4524054572795492,0.020790400058989696,0.1872496842835944,0.0929014486318854,0.34808097786612796,0.13912928353041096,0.7626772937637868,0.02486259655711017,0.5765903567196353
C1,no,Insulin,34.280936454849495,0.2595847246075541,0.45240545728289083,0.020790400058910953,0.1872496842819644,0.0929014486310153,0.34808097786136133,0.13912928353041462,0.7626772937608062,0.02486259652791371,0.5765903567204095
C1,no,Insulin,34.448160535117054,0.2595847246062633,0.45240545728623244,0.020790400058832214,0.1872496842803344,0.09290144863014518,0.34808097785659464,0.1391292835304183,0.7626772937578257,0.024862596498717252,0.5765903567211837
C1,no,Insulin,34.61538461538461,0.25958472460497245,0.4524054572895741,0.020790400058753475,0.1872496842787044,0.09290144862927509,0.34808097785182796,0.13912928353042198,0.7626772937548452,0.024862596469520794,0.5765903567219579
C1,no,Insulin,34.78260869565217,0.2595847246036816,0.45240545729291576,0.020790400058674732,0.18724968427707442,0.09290144862840498,0.3480809778470613,0.13912928353042564,0.7626772937518645,0.024862596440324337,0.5765903567227321
C1,no,Insulin,34.94983277591973,0.25958472460239074,0.4524054572962574,0.020790400058595993,0.18724968427544442,0.09290144862753487,0.34808097784229464,0.13912928353042933,0.762677293748884,0.02486259641112788,0.5765903567235062
C1,no,Insulin,35.11705685618729,0.2595847246010999,0.452405457299599,0.020790400058517254,0.18724968427381442,0.09290144862666476,0.34808097783752795,0.139129283530433,0.7626772937459035,0.024862596381931418,0.5765903567242804
C1,no,Insulin,35.28428093645485,0.259584724599809,0.4524054573029407,0.020790400058438515,0.1872496842721844,0.09290144862579465,0.3480809778327613,0.13912928353043666,0.7626772937429229,0.02486259635273496,0.5765903567250545
C1,no,Insulin,35.45150501672241,0.25958472459955584,0.4524054573038847,0.020790400058405538,0.18724968427149558,0.09290144862543409,0.348080977830524,0.1391292835304379,0.7626772937415149,0.024862596339687123,0.5765903567254149
C1,no,Insulin,35.618729096989966,0.25958472459949633,0.4524054573043812,0.020790400058381103,0.1872496842709824,0.09290144862516862,0.34808097782875874,0.1391292835304387,0.7626772937404004,0.024862596329653243,0.5765903567256982
C1,no,Insulin,35.785953177257525,0.2595847245994368,0.4524054573048777,0.020790400058356667,0.1872496842704692,0.09290144862490317,0.34808097782699354,0.13912928353043952,0.7626772937392858,0.024862596319619363,0.5765903567259815
C1,no,Insulin,35.953177257525084,0.2595847245993773,0.45240545730537424,0.020790400058332232,0.187249684269956,0.0929014486246377,0.3480809778252283,0.1391292835304403,0.7626772937381713,0.024862596309585483,0.5765903567262647
C1,no,Insulin,36.12040133779264,0.2595847245993178,0.45240545730587073,0.020790400058307797,0.1872496842694428,0.09290144862437223,0.34808097782346303,0.1391292835304411,0.7626772937370568,0.024862596299551603,0.5765903567265479
C1,no,Insulin,36.2876254180602,0.2595847245992583,0.4524054573063673,0.020790400058283358,0.18724968426892963,0.09290144862410676,0.3480809778216978,0.1391292835304419,0.7626772937359423,0.024862596289517723,0.5765903567268311
C1,no,Insulin,36.45484949832776,0.25958472459919874,0.45240545730686377,0.020790400058258923,0.18724968426841643,0.0929014486238413,0.3480809778199325,0.1391292835304427,0.7626772937348277,0.024862596279483843,0.5765903567271145
C1,no,Insulin,36.62207357859532,0.2595847245991392,0.4524054573073603,0.020790400058234487,0.18724968426790323,0.09290144862357583,0.34808097781816727,0.1391292835304435,0.7626772937337132,0.024862596269449963,0.5765903567273977
C1,no,Insulin,36.78929765886288,0.2595847245990797,0.4524054573078568,0.020790400058210052,0.18724968426739003,0.09290144862331036,0.34808097781640207,0.1391292835304443,0.7626772937325986,0.024862596259416083,0.5765903567276809
C1,no,Insulin,36.95652173913044,0.2595847245990202,0.4524054573083533,0.020790400058185617,0.18724968426687685,0.09290144862304489,0.3480809778146368,0.1391292835304451,0.7626772937314841,0.024862596249382207,0.5765903567279641
C1,no,Insulin,37.123745819397996,0.2595847245989607,0.45240545730884985,0.02079040005816118,0.18724968426636365,0.09290144862277942,0.34808097781287156,0.13912928353044587,0.7626772937303695,0.024862596239348327,0.5765903567282474
C1,no,Insulin,37.290969899665555,0.25958472459890114,0.45240545730934634,0.020790400058136746,0.18724968426585045,0.09290144862251395,0.3480809778111063,0.13912928353044668,0.762677293729255,0.024862596229314447,0.5765903567285307
C1,no,Insulin,37.458193979933114,0.25958472459884163,0.4524054573098429,0.02079040005811231,0.18724968426533725,0.09290144862224849,0.34808097780934105,0.13912928353044748,0.7626772937281404,0.024862596219280567,0.5765903567288139
C1,no,Insulin,37.625418060200666,0.2595847245987821,0.4524054573103394,0.020790400058087875,0.18724968426482408,0.09290144862198302,0.34808097780757585,0.13912928353044826,0.7626772937270259,0.024862596209246687,0.5765903567290971
C1,no,Insulin,37.792642140468224,0.2595847245987226,0.4524054573108359,0.02079040005806344,0.18724968426431088,0.09290144862171756,0.3480809778058106,0.13912928353044907,0.7626772937259113,0.024862596199212807,0.5765903567293803
C1,no,Insulin,37.95986622073578,0.2595847245986631,0.4524054573113324,0.020790400058039,0.18724968426379768,0.0929014486214521,0.34808097780404534,0.13912928353044987,0.7626772937247968,0.024862596189178927,0.5765903567296636
C1,no,Insulin,38.12709030100334,0.2595847245986036,0.45240545731182896,0.020790400058014566,0.18724968426328448,0.09290144862118663,0.3480809778022801,0.13912928353045068,0.7626772937236823,0.024862596179145047,0.5765903567299469
C1,no,Insulin,38.2943143812709,0.25958472459854404,0.45240545731232545,0.02079040005799013,0.1872496842627713,0.09290144862092116,0.34808097780051483,0.13912928353045145,0.7626772937225678,0.024862596169111167,0.5765903567302301
C1,no,Insulin,38.46153846153846,0.25958472459848453,0.45240545731282195,0.020790400057965695,0.1872496842622581,0.09290144862065569,0.34808097779874964,0.13912928353045226,0.7626772937214532,0.02486259615907729,0.5765903567305133
C1,no,Insulin,38.62876254180602,0.259584724598425,0.4524054573133185,0.02079040005794126,0.1872496842617449,0.09290144862039022,0.3480809777969844,0.13912928353045306,0.7626772937203387,0.02486259614904341,0.5765903567307965
C1,no,Insulin,38.79598662207358,0.2595847245984115,0.4524054573134572,0.020790400057933745,0.18724968426158975,0.09290144862030995,0.34808097779644603,0.13912928353045328,0.7626772937199989,0.024862596145996136,0.5765903567308828
C1,no,Insulin,38.96321070234114,0.2595847245984136,0.4524054573134737,0.02079040005793201,0.1872496842615569,0.09290144862029293,0.34808097779632674,0.1391292835304533,0.7626772937199237,0.02486259614533504,0.5765903567309018
C1,no,Insulin,39.130434782608695,0.2595847245984157,0.45240545731349024,0.020790400057930272,0.18724968426152402,0.09290144862027591,0.3480809777962075,0.13912928353045334,0.7626772937198485,0.024862596144673947,0.5765903567309208
C1,no,Insulin,39.297658862876254,0.25958472459841775,0.45240545731350673,0.020790400057928538,0.18724968426149116,0.0929014486202589,0.3480809777960882,0.13912928353045337,0.7626772937197733,0.024862596144012854,0.5765903567309398
C1,no,Insulin,39.46488294314381,0.25958472459841986,0.4524054573135233,0.0207904000579268,0.1872496842614583,0.09290144862024187,0.34808097779596897,0.1391292835304534,0.7626772937196982,0.02486259614335176,0.5765903567309588
C1,no,Insulin,39.63210702341137,0.25958472459842197,0.45240545731353976,0.020790400057925065,0.1872496842614254,0.09290144862022486,0.3480809777958497,0.13912928353045342,0.762677293719623,0.02486259614269067,0.5765903567309778
C1,no,Insulin,39.79933110367893,0.2595847245984241,0.4524054573135563,0.02079040005792333,0.18724968426139255,0.09290144862020784,0.34808097779573044,0.13912928353045345,0.7626772937195478,0.024862596142029573,0.5765903567309968
C1,no,Insulin,39.96655518394649,0.2595847245984262,0.4524054573135728,0.02079040005792159,0.18724968426135968,0.09290144862019081,0.34808097779561115,0.13912928353045348,0.7626772937194727,0.02486259614136848,0.5765903567310158
C1,no,Insulin,40.13377926421405,0.2595847245984283,0.45240545731358933,0.020790400057919857,0.18724968426132682,0.0929014486201738,0.3480809777954919,0.1391292835304535,0.7626772937193975,0.024862596140707387,0.5765903567310348
C1,no,Insulin,40.30100334448161,0.2595847245984304,0.4524054573136058,0.02079040005791812,0.18724968426129393,0.09290144862015677,0.3480809777953726,0.13912928353045353,0.7626772937193224,0.024862596140046295,0.5765903567310537
C1,no,Insulin,40.468227424749166,0.2595847245984325,0.45240545731362236,0.020790400057916384,0.18724968426126107,0.09290144862013976,0.3480809777952534,0.13912928353045356,0.7626772937192472,0.024862596139385202,0.5765903567310728
C1,no,Insulin,40.635451505016725,0.25958472459843457,0.4524054573136389,0.020790400057914646,0.1872496842612282,0.09290144862012274,0.3480809777951341,0.1391292835304536,0.7626772937191719,0.024862596138724106,0.5765903567310918
C1,no,Insulin,40.802675585284284,0.2595847245984367,0.4524054573136554,0.02079040005791291,0.18724968426119534,0.09290144862010571,0.34808097779501485,0.13912928353045362,0.7626772937190968,0.024862596138063013,0.5765903567311108
C1,no,Insulin,40.96989966555184,0.2595847245984388,0.45240545731367193,0.020790400057911176,0.18724968426116245,0.0929014486200887,0.34808097779489555,0.13912928353045365,0.7626772937190216,0.02486259613740192,0.5765903567311298
C1,no,Insulin,41.137123745819395,0.2595847245984409,0.4524054573136884,0.020790400057909438,0.1872496842611296,0.09290144862007169,0.3480809777947763,0.13912928353045367,0.7626772937189464,0.024862596136740828,0.5765903567311488
C1,no,Insulin,41.30434782608695,0.259584724598443,0.45240545731370496,0.020790400057907703,0.18724968426109673,0.09290144862005466,0.348080977794657,0.1391292835304537,0.7626772937188713,0.024862596136079735,0.5765903567311678
C1,no,Insulin,41.47157190635451,0.2595847245984451,0.45240545731372145,0.020790400057905965,0.18724968426106386,0.09290144862003764,0.3480809777945378,0.13912928353045373,0.7626772937187961,0.02486259613541864,0.5765903567311867
C1,no,Insulin,41.63879598662207,0.2595847245984472,0.452405457313738,0.02079040005790423,0.187249684261031,0.09290144862002062,0.3480809777944185,0.13912928353045376,0.762677293718721,0.024862596134757546,0.5765903567312058
C1,no,Insulin,41.80602006688963,0.25958472459844933,0.4524054573137545,0.020790400057902496,0.1872496842609981,0.0929014486200036,0.34808097779429925,0.13912928353045378,0.7626772937186458,0.024862596134096453,0.5765903567312248
C1,no,Insulin,41.97324414715719,0.2595847245984514,0.452405457313771,0.020790400057900758,0.18724968426096525,0.09290144861998659,0.34808097779417996,0.1391292835304538,0.7626772937185706,0.02486259613343536,0.5765903567312438
C1,no,Insulin,42.14046822742475,0.2595847245984535,0.4524054573137875,0.020790400057899023,0.1872496842609324,0.09290144861996956,0.3480809777940607,0.13912928353045384,0.7626772937184955,0.024862596132774268,0.5765903567312628
C1,no,Insulin,42.30769230769231,0.2595847245984556,0.45240545731380405,0.020790400057897285,0.18724968426089952,0.09290144861995255,0.3480809777939414,0.13912928353045387,0.7626772937184202,0.024862596132113172,0.5765903567312818
C1,no,Insulin,42.474916387959865,0.2595847245984577,0.45240545731382054,0.02079040005789555,0.18724968426086663,0.09290144861993553,0.3480809777938222,0.1391292835304539,0.762677293718345,0.02486259613145208,0.5765903567313008
C1,no,Insulin,42.642140468227424,0.2595847245984598,0.4524054573138371,0.020790400057893812,0.18724968426083377,0.0929014486199185,0.3480809777937029,0.13912928353045392,0.7626772937182699,0.024862596130790986,0.5765903567313198
C1,no,Insulin,42.80936454849498,0.25958472459846194,0.45240545731385357,0.020790400057892077,0.1872496842608009,0.09290144861990149,0.34808097779358366,0.13912928353045395,0.7626772937181947,0.024862596130129894,0.5765903567313388
C1,no,Insulin,42.97658862876254,0.25958472459846405,0.4524054573138701,0.020790400057890342,0.18724968426076805,0.09290144861988446,0.34808097779346436,0.13912928353045398,0.7626772937181195,0.0248625961294688,0.5765903567313578
C1,no,Insulin,43.1438127090301,0.25958472459846615,0.45240545731388665,0.020790400057888604,0.18724968426073518,0.09290144861986745,0.3480809777933451,0.13912928353045403,0.7626772937180444,0.024862596128807705,0.5765903567313768
C1,no,Insulin,43.31103678929766,0.25958472459846826,0.45240545731390314,0.02079040005788687,0.1872496842607023,0.09290144861985043,0.34808097779322583,0.13912928353045406,0.7626772937179692,0.024862596128146612,0.5765903567313958
C1,no,Insulin,43.47826086956522,0.2595847245984703,0.4524054573139197,0.02079040005788513,0.18724968426066943,0.0929014486198334,0.3480809777931066,0.1391292835304541,0.7626772937178941,0.02486259612748552,0.5765903567314148
C1,no,Insulin,43.64548494983278,0.2595847245984724,0.45240545731393617,0.020790400057883397,0.18724968426063657,0.09290144861981639,0.3480809777929873,0.13912928353045412,0.7626772937178189,0.024862596126824427,0.5765903567314338
C1,no,Insulin,43.812709030100336,0.25958472459847454,0.4524054573139527,0.02079040005788166,0.1872496842606037,0.09290144861979936,0.34808097779286806,0.13912928353045415,0.7626772937177437,0.024862596126163334,0.5765903567314528
C1,no,Insulin,43.979933110367895,0.25958472459847665,0.4524054573139692,0.020790400057879924,0.18724968426057081,0.09290144861978235,0.34808097779274877,0.13912928353045417,0.7626772937176686,0.024862596125502238,0.5765903567314717
C1,no,Insulin,44.147157190635454,0.25958472459847876,0.45240545731398574,0.02079040005787819,0.18724968426053795,0.09290144861976533,0.34808097779262953,0.1391292835304542,0.7626772937175933,0.024862596124841145,0.5765903567314908
C1,no,Insulin,44.31438127090301,0.25958472459848086,0.4524054573140022,0.02079040005787645,0.1872496842605051,0.0929014486197483,0.34808097779251024,0.13912928353045423,0.7626772937175181,0.024862596124180052,0.5765903567315098
C1,no,Insulin,44.48160535117057,0.259584724598483,0.45240545731401877,0.020790400057874716,0.18724968426047223,0.09290144861973129,0.348080977792391,0.13912928353045426,0.762677293717443,0.02486259612351896,0.5765903567315288
C1,no,Insulin,44.64882943143812,0.2595847245984851,0.45240545731403525,0.020790400057872978,0.18724968426043934,0.09290144861971428,0.3480809777922717,0.13912928353045428,0.7626772937173678,0.024862596122857863,0.5765903567315478
C1,no,Insulin,44.81605351170568,0.25958472459848714,0.4524054573140518,0.020790400057871243,0.18724968426040647,0.09290144861969725,0.34808097779215247,0.1391292835304543,0.7626772937172926,0.02486259612219677,0.5765903567315668
C1,no,Insulin,44.98327759197324,0.25958472459848925,0.4524054573140683,0.020790400057869505,0.1872496842603736,0.09290144861968024,0.3480809777920332,0.13912928353045434,0.7626772937172175,0.024862596121535678,0.5765903567315858
C1,no,Insulin,45.1505016722408,0.25958472459849136,0.4524054573140848,0.02079040005786777,0.18724968426034075,0.09290144861966321,0.34808097779191394,0.13912928353045437,0.7626772937171423,0.024862596120874585,0.5765903567316047
C1,no,Insulin,45.31772575250836,0.25958472459849347,0.4524054573141013,0.020790400057866035,0.18724968426030789,0.09290144861964619,0.34808097779179464,0.1391292835304544,0.7626772937170672,0.024862596120213493,0.5765903567316238
C1,no,Insulin,45.48494983277592,0.2595847245984956,0.45240545731411785,0.020790400057864297,0.187249684260275,0.09290144861962918,0.3480809777916754,0.13912928353045442,0.762677293716992,0.024862596119552396,0.5765903567316428
C1,no,Insulin,45.65217391304348,0.2595847245984977,0.4524054573141344,0.020790400057862563,0.18724968426024213,0.09290144861961215,0.3480809777915561,0.13912928353045445,0.7626772937169168,0.024862596118891304,0.5765903567316618
C1,no,Insulin,45.819397993311036,0.2595847245984998,0.4524054573141509,0.020790400057860824,0.18724968426020927,0.09290144861959514,0.3480809777914369,0.13912928353045448,0.7626772937168416,0.02486259611823021,0.5765903567316808
C1,no,Insulin,45.986622073578594,0.2595847245985019,0.4524054573141674,0.02079040005785909,0.1872496842601764,0.09290144861957812,0.3480809777913176,0.1391292835304545,0.7626772937167664,0.02486259611756912,0.5765903567316998
C1,no,Insulin,46.15384615384615,0.25958472459850396,0.4524054573141839,0.02079040005785735,0.18724968426014352,0.0929014486195611,0.34808097779119834,0.13912928353045453,0.7626772937166912,0.024862596116908026,0.5765903567317188
C1,no,Insulin,46.32107023411371,0.25958472459850607,0.45240545731420045,0.020790400057855617,0.18724968426011065,0.09290144861954408,0.34808097779107905,0.13912928353045456,0.7626772937166161,0.02486259611624693,0.5765903567317378
C1,no,Insulin,46.48829431438127,0.2595847245985082,0.45240545731421694,0.020790400057853882,0.1872496842600778,0.09290144861952705,0.3480809777909598,0.1391292835304546,0.7626772937165409,0.024862596115585837,0.5765903567317567
C1,no,Insulin,46.65551839464883,0.2595847245985103,0.4524054573142335,0.020790400057852144,0.18724968426004493,0.09290144861951004,0.3480809777908405,0.13912928353045462,0.7626772937164658,0.024862596114924744,0.5765903567317758
C1,no,Insulin,46.82274247491639,0.2595847245985124,0.45240545731424997,0.02079040005785041,0.18724968426001207,0.09290144861949302,0.3480809777907213,0.13912928353045464,0.7626772937163906,0.02486259611426365,0.5765903567317948
C1,no,Insulin,46.98996655518395,0.2595847245985145,0.4524054573142665,0.02079040005784867,0.18724968425997918,0.092901448619476,0.348080977790602,0.13912928353045467,0.7626772937163154,0.02486259611360256,0.5765903567318138
C1,no,Insulin,47.15719063545151,0.2595847245985166,0.452405457314283,0.020790400057846936,0.18724968425994631,0.09290144861945898,0.34808097779048275,0.1391292835304547,0.7626772937162403,0.024862596112941462,0.5765903567318328
C1,no,Insulin,47.324414715719065,0.2595847245985187,0.45240545731429954,0.020790400057845198,0.18724968425991345,0.09290144861944197,0.34808097779036345,0.13912928353045473,0.7626772937161651,0.02486259611228037,0.5765903567318518
C1,no,Insulin,47.491638795986624,0.2595847245985208,0.45240545731431603,0.020790400057843463,0.1872496842598806,0.09290144861942494,0.3480809777902442,0.13912928353045476,0.7626772937160898,0.024862596111619277,0.5765903567318708
C1,no,Insulin,47.65886287625418,0.2595847245985229,0.45240545731433257,0.02079040005784173,0.1872496842598477,0.09290144861940793,0.3480809777901249,0.13912928353045478,0.7626772937160147,0.024862596110958184,0.5765903567318897
C1,no,Insulin,47.82608695652174,0.259584724598525,0.45240545731434906,0.02079040005783999,0.18724968425981484,0.0929014486193909,0.3480809777900057,0.1391292835304548,0.7626772937159395,0.02486259611029709,0.5765903567319088
C1,no,Insulin,47.9933110367893,0.2595847245985271,0.4524054573143656,0.020790400057838256,0.18724968425978197,0.09290144861937388,0.3480809777898864,0.13912928353045484,0.7626772937158643,0.024862596109635995,0.5765903567319278
C1,no,Insulin,48.16053511705685,0.2595847245985292,0.4524054573143821,0.020790400057836517,0.1872496842597491,0.09290144861935687,0.34808097778976715,0.1391292835304549,0.7626772937157892,0.024862596108974903,0.5765903567319468
C1,no,Insulin,48.32775919732441,0.2595847245985313,0.45240545731439863,0.020790400057834783,0.18724968425971622,0.09290144861933984,0.34808097778964786,0.13912928353045492,0.762677293715714,0.02486259610831381,0.5765903567319658
C1,no,Insulin,48.49498327759197,0.25958472459853343,0.45240545731441517,0.020790400057833044,0.18724968425968336,0.09290144861932283,0.3480809777895286,0.13912928353045495,0.7626772937156389,0.024862596107652717,0.5765903567319848
C1,no,Insulin,48.66220735785953,0.25958472459853554,0.45240545731443166,0.02079040005783131,0.1872496842596505,0.09290144861930581,0.34808097778940933,0.13912928353045498,0.7626772937155637,0.024862596106991625,0.5765903567320038
C1,no,Insulin,48.82943143812709,0.2595847245985376,0.4524054573144482,0.020790400057829575,0.18724968425961763,0.09290144861928878,0.3480809777892901,0.139129283530455,0.7626772937154885,0.02486259610633053,0.5765903567320227
C1,no,Insulin,48.99665551839465,0.2595847245985397,0.4524054573144647,0.020790400057827837,0.18724968425958477,0.09290144861927177,0.3480809777891708,0.13912928353045503,0.7626772937154134,0.024862596105669436,0.5765903567320417
C1,no,Insulin,49.163879598662206,0.2595847245985418,0.45240545731448123,0.020790400057826102,0.18724968425955188,0.09290144861925474,0.34808097778905156,0.13912928353045506,0.7626772937153381,0.024862596105008343,0.5765903567320608
C1,no,Insulin,49.331103678929765,0.2595847245985439,0.4524054573144977,0.020790400057824364,0.18724968425951902,0.09290144861923773,0.34808097778893227,0.1391292835304551,0.7626772937152629,0.02486259610434725,0.5765903567320798
C1,no,Insulin,49.49832775919732,0.25958472459854603,0.45240545731451426,0.02079040005782263,0.18724968425948615,0.09290144861922071,0.34808097778881303,0.13912928353045512,0.7626772937151878,0.024862596103686158,0.5765903567320988
C1,no,Insulin,49.66555183946488,0.25958472459854814,0.45240545731453075,0.02079040005782089,0.1872496842594533,0.09290144861920369,0.34808097778869374,0.13912928353045514,0.7626772937151126,0.02486259610302506,0.5765903567321178
C1,no,Insulin,49.83277591973244,0.25958472459855025,0.4524054573145473,0.020790400057819156,0.1872496842594204,0.09290144861918667,0.3480809777885745,0.13912928353045517,0.7626772937150375,0.02486259610236397,0.5765903567321368
C1,no,Insulin,50.0,0.25958472459855236,0.4524054573145638,0.02079040005781742,0.18724968425938754,0.09290144861916964,0.3480809777884552,0.1391292835304552,0.7626772937149623,0.024862596101702876,0.5765903567321558