,,,Slide ID,CDK1CCNBComplex,STMN,CDC25B,GSK3B,GWL_MASTL,CentrosomeMat,PP1,ENSA,Cytokinesis,AJUBA,BORA,WEE1,SpindleAssembly,MTCanAct,PLK1,MT,NEDD9,TPX2,hCPEB,AURKAPresent,STMNCanAct,PP2A,AURKAActive
,,,Antibody Name,CDK1CCNBComplex,STMN,CDC25B,GSK3B,GWL_MASTL,CentrosomeMat,PP1,ENSA,Cytokinesis,AJUBA,BORA,WEE1,SpindleAssembly,MTCanAct,PLK1,MT,NEDD9,TPX2,hCPEB,AURKAPresent,STMNCanAct,PP2A,AURKAActive
,,,HUGO ID,CDK1CCNBComplex,STMN,CDC25B,GSK3B,GWL_MASTL,CentrosomeMat,PP1,ENSA,Cytokinesis,AJUBA,BORA,WEE1,SpindleAssembly,MTCanAct,PLK1,MT,NEDD9,TPX2,hCPEB,AURKAPresent,STMNCanAct,PP2A,AURKAActive
Cell Line,Inhibitor,Stimulus,Timepoint
C1,no,Insulin,0.0,0.13382364191925533,0.11532732275167579,0.5535581030468023,0.39817282865232084,0.776171950890021,0.9566712178461567,0.7478150412138211,0.21433010872952296,0.08015539741932454,0.196506334320649,0.6379282833403312,0.1521575589438865,0.38524979653802294,0.013760685129268868,0.40375595677118237,0.14665876194889793,0.6147718749444696,0.8371729838837892,0.4080723559888174,0.03965689172810216,0.8677852214935285,0.5994740380343582,0.19316095173916403
C1,no,Insulin,0.33557046979865773,0.4879095256178886,0.40489658497718906,0.4512898191568352,0.35473340407676807,0.39079751303531085,0.6686974820289013,0.6587886043216032,0.23934983061752602,0.14536728377379282,0.15878937413686023,0.7325370852497778,0.3894959903145683,0.3693877284952021,0.033935240030433175,0.4042346098131236,0.5212006183420268,0.3804999667324644,0.5290106989071208,0.2941952673970553,0.31638616696706867,0.6987242910424266,0.4630416011697101,0.143139200178142
C1,no,Insulin,0.6711409395973155,0.5906041754548514,0.5872024592080424,0.3835556013531205,0.3215292831646552,0.26373855321602413,0.49672615726383107,0.5909384469820856,0.21541815092442396,0.17755913066482917,0.13482513929181725,0.7809670479356845,0.5144860090899099,0.3398127587085578,0.05263788364259358,0.3940991257864384,0.6619944691931013,0.25639964706668406,0.41109843306421406,0.23003318419024724,0.4803770418140473,0.5770078053228334,0.3738530772048092,0.13003029320302592
C1,no,Insulin,1.0067114093959733,0.6148498671978946,0.7007307208590257,0.34107744302414905,0.29597702754282573,0.22142272951496575,0.3899613449028104,0.5443665437722528,0.19186059344969728,0.19315864031598828,0.11918073160112165,0.8063041404615676,0.5813431547518184,0.3118617704847604,0.06718531728168345,0.3825023815764773,0.712168993083222,0.1917316386750368,0.3641776038576557,0.19498557097980646,0.5796444588690917,0.48828858089897303,0.3156709266136873,0.1251735166401763
C1,no,Insulin,1.342281879194631,0.6164145515563042,0.7711235873838008,0.3149043934844518,0.27619421649025017,0.20774112014341906,0.3227725468994098,0.5135364315830389,0.1776054538866487,0.20034944248190723,0.10874347225608201,0.8196830390873916,0.6178259963110427,0.28900005069118506,0.07760188606164169,0.3718024748607565,0.727455696473324,0.15824199876115122,0.3440668119351886,0.1760707311527381,0.6409913281040986,0.42283727537492244,0.2775659983993523,0.12309344159406363
C1,no,Insulin,1.6778523489932886,0.6129603683868762,0.814668122326827,0.2988756958790336,0.2607967356998019,0.20369657614964956,0.2802596197830967,0.49350865787207704,0.1704933275002459,0.20325270483894275,0.10166157915089971,0.8267985025760765,0.6382822375621355,0.2714804470325629,0.08473510330338344,0.36257531102391516,0.7300718101913195,0.1409539586987279,0.3343198181045994,0.16592807812734114,0.6796224161259059,0.373997476850782,0.2524665989802274,0.12214286343148051
C1,no,Insulin,2.0134228187919465,0.609518736451419,0.8415668886884083,0.28905773753174624,0.24875741093084194,0.2028259919222598,0.2533271573238304,0.48065156676964155,0.16735501899885494,0.20402104015333852,0.09679429562978538,0.8306223530456744,0.6501728648305146,0.25862320706931746,0.0894955482087633,0.3548386880320073,0.7286923069183252,0.13204319880065374,0.3287816445015848,0.1605081737642401,0.7043396208012407,0.3371676616488744,0.2358548578378596,0.12166738532905869
C1,no,Insulin,2.348993288590604,0.6071116002435318,0.8581736572000718,0.28300774601993045,0.23930696970186627,0.20293699559717196,0.23628331108991757,0.472472467268837,0.1661298449988467,0.2038111828832944,0.09341686692107688,0.8327116556083489,0.6574019798987712,0.24950954017807367,0.09262361565503596,0.3484344158116251,0.7265178494738581,0.12744538529294142,0.325119836680473,0.1576103235203403,0.7203556189506185,0.3091298294480124,0.22483071229364668,0.12138300389245689
C1,no,Insulin,2.684563758389262,0.6056394589207047,0.868430006879745,0.2792310360676581,0.2318642315700673,0.20329325000089252,0.22552082532399342,0.46731307745917344,0.16574285755693946,0.2032393307925106,0.09105664341138009,0.8338789394554301,0.6620291619389086,0.243235850175622,0.0946595275990203,0.34316481562759993,0.7245881638576661,0.12505857193727798,0.32242358957173395,0.15604928997901713,0.7308312821318285,0.2876055262868948,0.21750967634787347,0.12117101809134387
C1,no,Insulin,3.0201342281879198,0.6047979539318727,0.8747733785225624,0.27682283975800187,0.22598652990472265,0.20365582072547622,0.2187419629281353,0.46408768658770705,0.16569048035832346,0.2026134576491255,0.08939874175413016,0.8345461769145066,0.6651533915733086,0.239021448712596,0.09597672864902694,0.33884170696366267,0.7231345669935848,0.12380119089213482,0.3203138079132351,0.15519266507687132,0.7377273904259135,0.2709608331718398,0.21265229671061484,0.12098727382632607
C1,no,Insulin,3.3557046979865772,0.6043296923856302,0.8787071690869844,0.27524060520877935,0.22133419392217926,0.20395635370755777,0.21448247729864459,0.46209226033866774,0.16575296285927962,0.20206668235701516,0.08822981555201428,0.8349331311897544,0.6673707277188423,0.236246032348582,0.09682573830597996,0.33530124468835787,0.7221188329871505,0.12311997885743181,0.31861360999785127,0.15470633454911242,0.7422851626774829,0.2580090235632857,0.2094362252076011,0.12081881459334241
C1,no,Insulin,3.691275167785235,0.6040648077246387,0.8811568227019174,0.27416168852882145,0.217644861413775,0.2041846778053641,0.21181127859814827,0.4608735568992853,0.1658407647224991,0.2016389013608982,0.08740342479377401,0.8351564178995513,0.6690120279680085,0.2344465628530012,0.0973716700351301,0.3324056729664534,0.7214372859918415,0.12273370316672728,0.3172261494709031,0.1544155095835818,0.7453035433799443,0.24787746087842305,0.20731313129094986,0.12066396628509701
C1,no,Insulin,4.026845637583893,0.6039043197441145,0.8826912587833606,0.2733954003241926,0.2147147129265624,0.20434938038048991,0.2101383033809189,0.46014166453045746,0.1659210584893073,0.20132594705166382,0.0868180636734917,0.8352803960633668,0.670266921701278,0.2332935806974651,0.09772218343444415,0.33004068111151696,0.720990476146926,0.12250024845626875,0.3160888926579056,0.15422954280798595,0.7473034244286548,0.2399169352556686,0.20591666667997774,0.1205239675627776
C1,no,Insulin,4.3624161073825505,0.6037954699758091,0.8836600256900385,0.27282923905300455,0.21238461997173264,0.20446366561074764,0.2090909985840859,0.4597122785959223,0.1659845564424471,0.2011071185266043,0.08640285611516786,0.8353426184653809,0.6712487705975263,0.23256112582079544,0.09794701263476421,0.3281117850869638,0.7207013302143117,0.12234808396168535,0.31515610964188345,0.15410168830707308,0.7486275553507968,0.2336392148563785,0.20500207848132862,0.12039993662189048
C1,no,Insulin,4.697986577181208,0.6037123071087608,0.8842778930814892,0.2723964786285613,0.21052982307513282,0.20454028714222042,0.20843502509769968,0.45946895569265384,0.16603108445183395,0.20095892827479891,0.08610804963212781,0.8353662981409352,0.6720288752880703,0.2320984929132126,0.0980911351275004,0.3265409323997886,0.7205153353096367,0.1222412174333932,0.3143918253277194,0.1540078430189971,0.7495028225157141,0.22867354266730475,0.20440608811159738,0.12029209190615797
C1,no,Insulin,5.033557046979866,0.6036430925864652,0.8846769573876484,0.2720568939561259,0.20905216143677846,0.20458990171563185,0.20802346025136256,0.45933858428131735,0.16606347030978943,0.20086088297657279,0.08589858240468048,0.8353664414007391,0.6726546724671263,0.23180726273460478,0.0981834855736743,0.32526363721666973,0.7203957857775418,0.1221613786087796,0.3137666924777685,0.15393543388356612,0.7500799674933661,0.22473592240077414,0.20402000658273597,0.12019979637121492
C1,no,Insulin,5.369127516778524,0.6035829887792882,0.8849386218731565,0.27178550380034405,0.2078741736701022,0.20462078231406722,0.20776444426638035,0.4592755710820623,0.1660850838310501,0.20079711126052954,0.08574967528779705,0.8353529646080826,0.673159496276212,0.23162414469927314,0.0982426470286226,0.32422663462996426,0.7203186648737165,0.12209907860701588,0.3132563993182811,0.1538777052468471,0.750459318629766,0.22160716477382544,0.20377167820060013,0.12012182939684547
C1,no,Insulin,5.704697986577181,0.6035301783385111,0.8851132019217836,0.27156610090406946,0.20693458513180676,0.20463904716278492,0.20760067410958566,0.4592517124548309,0.16609892792699585,0.20075614286428242,0.0856437813984753,0.8353324181369954,0.6735679200024225,0.23150890991293202,0.09828054074390111,0.32338597004279457,0.7202685409096127,0.12204915456270678,0.3128406969200849,0.15383081682527222,0.7507076735110991,0.219117001674676,0.2036133490388424,0.12005665939422128
C1,no,Insulin,6.0402684563758395,0.6034839647192537,0.8852319398983534,0.27138758724775325,0.20618482862113102,0.20464906221733598,0.20749645508386866,0.4592497358871917,0.16610738688204035,0.20073005590980372,0.0855684569895663,0.8353090409090672,0.6738987505162093,0.23143619141991445,0.09830480936296078,0.3227054279596874,0.7202356033395829,0.12200858100501791,0.31250271608850094,0.15379239506134607,0.750869479484819,0.21713243517677222,0.20351351862959907,0.12000265104093977
C1,no,Insulin,6.375838926174497,0.6034439409481304,0.8853143621366608,0.2712419237688937,0.20558634415927965,0.204653852211867,0.20742956234360077,0.459259201805991,0.16611223885613452,0.2007135423338899,0.08551486680635682,0.8352854680609757,0.6741667712479426,0.23139007666184316,0.09832035160550183,0.3221552269578653,0.720213649878334,0.12197540694094693,0.31222842970222553,0.1537608214996579,0.750974278833907,0.21554908848905216,0.20345147809079994,0.11995820362857006
C1,no,Insulin,6.7114093959731544,0.6034096908100723,0.8853727643306702,0.2711229950965368,0.2051084792944257,0.20465545623358414,0.20738616720831765,0.45927392583854537,0.1661147523777629,0.20070312453078745,0.08547673491541857,0.8352632340229456,0.6743838068374685,0.23136063029802034,0.09833030448197765,0.32171093301456605,0.7201987716333849,0.12194824653978126,0.31200620776287674,0.15373488952599418,0.7510416600214818,0.21428473983677204,0.20341367411341502,0.11992183147871431
C1,no,Insulin,7.046979865771813,0.6033807104221881,0.8854149790102311,0.27102596768027665,0.20472683997715294,0.2046552168335174,0.2073576489729807,0.4592903441159648,0.16611580364972348,0.20069656185717347,0.08544959996322642,0.8352431355510935,0.67455941693814,0.231341653405356,0.09833667772634475,0.32135254581605466,0.720188499562617,0.12192603451641745,0.31182644094318834,0.1537136382250988,0.751084586295929,0.2132744069079283,0.20339127248645408,0.11989220469120382
C1,no,Insulin,7.38255033557047,0.6033564325798951,0.8854460635638903,0.27094692503427936,0.204421995442076,0.204653991509628,0.2073386198077847,0.45930649304598353,0.16611598115656545,0.20069242372338,0.08543028904956954,0.835225492070976,0.674701374895817,0.2313292822140652,0.09834075902362907,0.3210637321341683,0.7201812681556289,0.12190790988288247,0.31168121451617836,0.15369627315889836,0.7511116136571201,0.21246659550830438,0.2033785435878629,0.11986816330159301
C1,no,Insulin,7.718120805369128,0.6033362617155512,0.8854693311367391,0.2708826510116621,0.20417845778035737,0.20465231742490567,0.20732570517721965,0.45932137476110546,0.16611567020384696,0.20068980735690606,0.08541654542891519,0.8352103288026214,0.6748160152088065,0.23132110365739594,0.09834337259234568,0.32083118246187226,0.7201760770812842,0.12189316061131181,0.31156403280403727,0.15368212749439128,0.7511283681032835,0.2118204126465209,0.20337179678728712,0.11984871430706695
C1,no,Insulin,8.053691275167786,0.6033196252745678,0.8854869932787705,0.2708304866807983,0.2039838758533895,0.20465051094757777,0.20731677883525684,0.4593345609078682,0.16611511177277277,0.2006881457388826,0.08540676392493052,0.8351975028094463,0.674908505086113,0.23131561219394153,0.09834504605967066,0.32064407558327496,0.7201722812411981,0.12188119137794655,0.31146957931121966,0.1536706390643898,0.7511385339888054,0.21130332974939212,0.20336867242051898,0.11983301908903725
C1,no,Insulin,8.389261744966444,0.6033059738030462,0.8855005593342565,0.27078822716842693,0.20382839428354513,0.20464875606638538,0.20731049104626742,0.4593459451186225,0.1661144609931821,0.2006870812967094,0.08539980205644723,0.8351867836063231,0.6749830563929294,0.2313118583436424,0.0983461176589771,0.32049362837091067,0.7201694587439226,0.1218715013120389,0.3113935150444299,0.15366133267430065,0.7511445167255555,0.2108894309612458,0.20336767560484134,0.11982037969829118
C1,no,Insulin,8.724832214765101,0.6032948335366269,0.8855110774939592,0.2707540521775572,0.20370414692465402,0.20464714492729974,0.20730597694705527,0.4593555992048098,0.16611379602377233,0.20068639585942455,0.0853948469395724,0.8351779107462414,0.6750430983422835,0.2313092448853597,0.0983468038267031,0.320372726451191,0.7201673280515057,0.12186367577730421,0.31133230916245336,0.15365381307703488,0.7511478755355326,0.21055804685354626,0.20336787017422805,0.11981021630814122
C1,no,Insulin,9.060402684563758,0.6032857656770247,0.885519294658549,0.27072645522299654,0.20360485361928043,0.20464571834890938,0.2073026782468055,0.45936367894938607,0.16611317850201865,0.20068594544073762,0.08539132013955414,0.8351706180256583,0.6750914185210232,0.23130738978618506,0.09834724318458056,0.3202756137364898,0.720165700201758,0.12185736631701438,0.31128309167753976,0.15364774798152084,0.7511496163011373,0.21029267712864144,0.20336868196668223,0.11980205609755701
C1,no,Insulin,9.395973154362416,0.6032784184002776,0.8855257508406355,0.2707042027391608,0.20352549872074555,0.20464448781249267,0.20730022664552875,0.45937037692432575,0.1661126125030949,0.20068565009113834,0.08538880988027323,0.8351646614025439,0.6751302797135046,0.23130604893262852,0.09834752452097395,0.3201976421484257,0.7201644427393985,0.12185228957492736,0.3112435390823338,0.15364286602975513,0.7511503814851729,0.2100801382439629,0.20336976315786143,0.11979550917362158
C1,no,Insulin,9.731543624161075,0.6032724691340583,0.8855308468322969,0.270686277951336,0.20346207622826,0.2046434397106735,0.2072983785550426,0.45937588729433393,0.16611213141829773,0.2006854474975465,0.08538702316690061,0.8351598155506318,0.6751615153805831,0.23130506222757186,0.09834770466766399,0.32013506001506237,0.7201634641549876,0.12184820844345087,0.31121176742909323,0.1536389405183719,0.7511505786327947,0.20990989164958082,0.20337091444745695,0.11979026260168395
C1,no,Insulin,10.067114093959733,0.6032676677845342,0.8855348822148454,0.2706718556858654,0.20341138573149783,0.2046425654994888,0.20729696743591589,0.4593803958338747,0.16611170994462188,0.20068531134310416,0.08538575142864742,0.8351558902737846,0.6751866092697126,0.23130432443618898,0.09834782001993475,0.32008484513584773,0.7201626970909334,0.12184493249566775,0.31118625856657134,0.15363578868692737,0.75115046138882,0.20977350808561018,0.20337202312593983,0.11978605938701056
C1,no,Insulin,10.40268456375839,0.6032637985044031,0.8855380859175009,0.2706602604341035,0.20337087026975534,0.20464183757910628,0.20729587854676562,0.45938406790483954,0.16611135662910184,0.20068521533238803,0.0853848462342103,0.8351527187327152,0.6752067604654409,0.2313037658069342,0.09834789388296056,0.32004456333713915,0.7201620929460056,0.12184230505161438,0.31116578419655183,0.1536332602824338,0.7511501857655399,0.20966424319710572,0.20337303418789365,0.11978269399341117
C1,no,Insulin,10.738255033557047,0.6032606831525429,0.8855406340996589,0.2706509449070985,0.20333848776082933,0.20464123799498715,0.20729503127077467,0.4593870481237626,0.16611106236641604,0.20068514698684053,0.08538420200067294,0.83515016239232,0.6752229360548467,0.23130333741240516,0.09834794117018626,0.32001225726272864,0.7201616153227721,0.121840199151681,0.31114935632422863,0.15363123344466278,0.7511498450754985,0.20957670163091696,0.20337392487376657,0.11978000045809459
C1,no,Insulin,11.073825503355705,0.6032581774661964,0.8855426637714329,0.27064346513267323,0.20331260465688883,0.20464074692273754,0.20729436742969398,0.4593894601179884,0.16611081911002223,0.20068509743864202,0.08538374345257506,0.8351481057083071,0.6752359165882498,0.2313030056844658,0.09834797145088858,0.31998635165483036,0.7201612366068573,0.12183851219499667,0.3111361782409133,0.15362960961328284,0.7511494931841753,0.20950655943852686,0.20337469127529392,0.11977784510992039
C1,no,Insulin,11.409395973154362,0.6032561638235229,0.8855442821204318,0.2706374622031452,0.20329191613863903,0.2046403464680925,0.20729384450203223,0.4593914078883989,0.16611061930819432,0.20068506087383725,0.08538341706501733,0.8351464534357695,0.6752463304704824,0.23130274680298094,0.09834799084176982,0.31996558130385966,0.720160935658421,0.12183716141074408,0.31112560920619386,0.1536283092404215,0.7511491592837946,0.2094503558696849,0.20337533985347198,0.11977612067726465
C1,no,Insulin,11.74496644295302,0.6032545466631409,0.8855455735171982,0.2706326463485226,0.20327537931387146,0.20464002104416446,0.2072934308451053,0.4593929779958646,0.16611045603817337,0.2006850334650768,0.08538318473598426,0.835145127587626,0.675254683468815,0.23130254351020213,0.09834800326051567,0.31994892997640934,0.7201606961132409,0.12183608013623864,0.31111713401643964,0.15362726823370898,0.7511488575965819,0.2094053190261993,0.20337588205409585,0.11977474111707302
C1,no,Insulin,12.080536912751679,0.6032532484825662,0.8855466047440653,0.27062878365648224,0.20326215945173992,0.20463975732479459,0.20729310251192615,0.45939424195799644,0.16611032312282925,0.20068501262947694,0.08538301926566379,0.8351440645645511,0.6752613828909836,0.23130238305421724,0.0983480112276779,0.3199355806709026,0.7201605051826172,0.12183521470203365,0.31111033810420136,0.15362643497615114,0.7511485935359806,0.20936922543001293,0.2033763311365487,0.11977363738288388
C1,no,Insulin,12.416107382550337,0.6032522068081937,0.8855474285151659,0.2706256863523382,0.2032515916674657,0.20463954407744098,0.20729284132828335,0.459395258320511,0.16611021528996958,0.20068499662711498,0.08538290148030442,0.8351432128952365,0.6752667550710636,0.2313022559704473,0.09834801632466275,0.3199248798112027,0.720160352879938,0.121834522147644,0.31110488956481824,0.15362576813823844,0.7511483671702991,0.20934029983763647,0.20337670058023033,0.11977275436512728
C1,no,Insulin,12.751677852348994,0.6032513714565617,0.8855480865733073,0.27062320395318756,0.20324314643613495,0.20463937198458604,0.20729263327692374,0.45939607466366955,0.16611012799691707,0.20068498423985398,0.08538281778391256,0.8351425311268519,0.6752710612115753,0.23130215508837337,0.0983480195640777,0.3199163049133772,0.7201602313514115,0.12183396814732102,0.3111005229033945,0.15362523468966205,0.7511481759705272,0.20931712506236605,0.20337700287616076,0.1197720481146095
C1,no,Insulin,13.087248322147651,0.6032507016268065,0.8855486125856236,0.2706212142802324,0.20323639568402058,0.2046392333099093,0.20729246718571426,0.45939672992543545,0.16611005742455162,0.2006849745425165,0.08538275817010903,0.8351419855412607,0.6752745132719387,0.23130207474529924,0.0983480216498623,0.3199094323703728,0.7201601342812913,0.12183352490664554,0.31109702277147333,0.15362480788103672,0.7511480165884995,0.20929855299219055,0.20337724900512313,0.11977148308203794
C1,no,Insulin,13.422818791946309,0.6032501646020508,0.8855490331351825,0.27061961970524173,0.20323099938136427,0.20463912168591958,0.2072923344733204,0.45939725560529415,0.16611000054021752,0.20068496691222745,0.08538271571469414,0.8351415490808124,0.6752772804453603,0.2313020106611254,0.09834802299176862,0.31990392437779414,0.7201600567199817,0.12183317027696025,0.3110942173516009,0.1536244663927585,0.7511478848298004,0.2092836692534926,0.20337744875859876,0.11977103099837287
C1,no,Insulin,13.758389261744966,0.6032497341055602,0.8855493693797061,0.2706183419328756,0.203226686036485,0.20463903192274788,0.2072922284091725,0.4593976771650106,0.1661099548370882,0.20068496090709917,0.08538268553259015,0.8351412000114937,0.6752794983596816,0.23130195951701218,0.09834802384062435,0.3198995103290279,0.7201599947439762,0.12183288654222385,0.31109196897358954,0.15362419316984355,0.7511477765053594,0.2092717419406203,0.2033776105292774,0.1197706692772008
C1,no,Insulin,14.093959731543626,0.603249389182211,0.8855496381588254,0.27061731846813764,0.2032232396429949,0.20463895984049355,0.20729214362873452,0.45939801499654315,0.1661099181396276,0.20068495617705104,0.08538266413372832,0.8351409210057736,0.6752812752899766,0.23130191868330555,0.09834802437049134,0.319895974323963,0.720159945229095,0.12183265960457909,0.311090167781619,0.1536239746391377,0.7511476879044643,0.20926218725567025,0.20337774123199848,0.11977037994014689
C1,no,Insulin,14.429530201342283,0.6032491129398937,0.8855498530471185,0.27061649885444694,0.20322048625026531,0.20463890200017637,0.20729207578026326,0.45939828557510076,0.1661098884722022,0.200684952406698,0.08538264893946537,0.8351406980929945,0.6752826986910851,0.2313018860368299,0.09834802471314526,0.31989314211242703,0.7201599056505611,0.12183247812284621,0.311088725055689,0.15362379987987648,0.7511476158538759,0.209254534010014,0.2033778465286515,0.11977014849980314
C1,no,Insulin,14.76510067114094,0.6032488914037799,0.8855500252744143,0.2706158413703127,0.203218282116978,0.20463885553026606,0.20729202123876292,0.4593985024915115,0.1661098641918743,0.20068494931241618,0.08538263785258086,0.8351405197430435,0.6752838409152807,0.2313018597993348,0.0983480249854164,0.3198908695425284,0.720159873915499,0.12183233273360763,0.31108756736511306,0.1536236598755077,0.7511475577809476,0.20924839229484007,0.20337793105761565,0.11976996299125074
C1,no,Insulin,15.100671140939598,0.6032487138065237,0.8855501631178483,0.2706153144249138,0.20321651965492168,0.20463881811983367,0.20729197753811468,0.4593986762817969,0.1661098445330087,0.20068494678296803,0.08538262989211248,0.835140377138597,0.6752847566004604,0.23130183877886035,0.09834802517432524,0.3198890478524297,0.7201598485157129,0.12183221635827214,0.3110866392190796,0.153623547808967,0.7511475108221594,0.20924346875802982,0.2033779990012621,0.11976981447040567
C1,no,Insulin,15.436241610738255,0.6032485713558091,0.8855502733360451,0.2706148922946168,0.20321511131538225,0.20463878804198507,0.20729194266338827,0.45939881554025225,0.16610982934116514,0.20068494481343932,0.08538262430271766,0.835140263148087,0.6752854902301333,0.2313018219806209,0.09834802527200483,0.3198875883625289,0.7201598282300155,0.12183212319503879,0.3110858955130884,0.15362345809799596,0.751147472694468,0.20923952422484285,0.20337805380133622,0.11976969567059284
C1,no,Insulin,15.771812080536913,0.6032484570441596,0.8855503614101814,0.2706145542631047,0.20321398655624823,0.20463876409323215,0.20729191493647223,0.45939892718327635,0.16610981862289306,0.20068494346039156,0.0853826204998411,0.8351401720890099,0.6752860776693961,0.23130180858109597,0.09834802528434787,0.3198864195054139,0.7201598120696117,0.12183204855632183,0.31108530002825124,0.15362338623607427,0.7511474416557024,0.20923636556116496,0.20337809819600305,0.11976960071072683
C1,no,Insulin,16.107382550335572,0.6032483656566074,0.8855504319155466,0.27061428350243066,0.20321308749870615,0.20463874527931192,0.20729189268207854,0.45939901661155247,0.16610981035826716,0.2006849425178184,0.08538261780005615,0.8351400994163052,0.6752865483721906,0.23130179786864774,0.09834802529253059,0.3198854828748431,0.7201597991462466,0.1218319887936904,0.3110848232221374,0.1536233287042208,0.7511474167655139,0.20923383420528702,0.2033781338364037,0.11976952459695707
C1,no,Insulin,16.44295302013423,0.6032482929929054,0.8855504884098867,0.2706140666049431,0.20321236830317121,0.20463873037180352,0.20729187460403053,0.4593990880929035,0.16610980178113674,0.20068494159988123,0.08538261574078156,0.8351400414102237,0.6752869258454902,0.23130178932331394,0.09834802534618801,0.3198847320837483,0.7201597887379962,0.1218319411294019,0.3110844412725307,0.15362328280632437,0.7511473970540976,0.2092318042109341,0.20337816200961548,0.11976946335507309
C1,no,Insulin,16.778523489932887,0.6032482349326252,0.8855505335212167,0.2706138928205233,0.2032117934527426,0.20463871761324093,0.20729186006197955,0.4593991451994561,0.16610979156792807,0.20068494033132447,0.08538261428293681,0.8351399948775697,0.6752872285557591,0.23130178257234368,0.098348025387134,0.31988413060259696,0.7201597803398729,0.12183190329047029,0.31108413465861384,0.15362324633084362,0.7511473809722831,0.20923017742566777,0.20337818429761137,0.1197694141829977
C1,no,Insulin,17.114093959731544,0.6032481871359048,0.8855505698269053,0.27061375333748583,0.20321133423418,0.20463870739307718,0.20729184872063372,0.4593991911938801,0.16610978870568957,0.20068493985783242,0.085382613325288,0.8351399577248431,0.6752874707481497,0.23130177685330025,0.09834802537579156,0.31988364838444616,0.7201597737311907,0.12183187232855194,0.3110838885194672,0.15362321654434824,0.7511473680372769,0.20922887442101817,0.20337820277754298,0.11976937556210403
C1,no,Insulin,17.449664429530202,0.6032481495713907,0.8855505987939938,0.2706136417605413,0.20321096710629769,0.20463869963280143,0.20729183951506697,0.4593992279693684,0.16610978521234082,0.20068493944677915,0.08538261262489377,0.8351399281163274,0.6752876649106305,0.23130177244809116,0.09834802537812096,0.3198832620938731,0.7201597684223854,0.12183184778217468,0.3110836918671525,0.15362319291549598,0.7511473577303978,0.2092278300439804,0.2033782174610896,0.11976934423980513
C1,no,Insulin,17.78523489932886,0.6032481193363626,0.8855506218774658,0.2706135523784262,0.20321067365020767,0.20463869280953448,0.2072918321306014,0.45939925728905423,0.16610977990116732,0.2006849387142128,0.08538261213062907,0.8351399043002443,0.6752878206318913,0.2313017689485532,0.09834802537828038,0.31988295265036487,0.7201597641055697,0.1218318284222387,0.31108353390057153,0.15362317423934346,0.7511473492778201,0.20922699308040807,0.20337822900648794,0.11976931902502962
C1,no,Insulin,18.120805369127517,0.6032480949388338,0.8855506405724454,0.270613480641301,0.20321043910669423,0.2046386878657145,0.20729182626565112,0.45939928096543536,0.16610977909129163,0.20068493864246761,0.08538261178034849,0.8351398854434207,0.6752879452199003,0.23130176600990687,0.09834802537662655,0.3198827044725604,0.7201597607419019,0.12183181239815498,0.3110834074764308,0.15362315884334157,0.7511473427035673,0.20922632240796796,0.2033782385487111,0.11976929921221036
C1,no,Insulin,18.456375838926174,0.6032480756577298,0.8855506553899459,0.2706134232875992,0.20321025162523496,0.20463868374893274,0.20729182151930578,0.45939929980907024,0.16610977650069775,0.20068493830658762,0.08538261153008816,0.8351398703048611,0.6752880451695604,0.23130176377771441,0.09834802537656497,0.3198825057602769,0.720159757995399,0.12183179992021116,0.31108330625597613,0.15362314681720077,0.7511473373430362,0.20922578492281796,0.2033782460343485,0.11976928302623141
C1,no,Insulin,18.79194630872483,0.6032480601680499,0.8855506673052344,0.270613377271105,0.20321010165808345,0.2046386805000257,0.20729181771986555,0.45939931494506236,0.16610977487119968,0.20068493811010552,0.08538261135170214,0.8351398582249739,0.6752881252927275,0.23130176196401672,0.09834802537647773,0.3198823463683725,0.7201597558096189,0.12183178982616491,0.31108322508333175,0.15362313709944653,0.7511473330694745,0.20922535388128116,0.20337825206944593,0.11976927012763425
C1,no,Insulin,19.12751677852349,0.603248047729279,0.8855506768451326,0.2706133403954806,0.2032099817666483,0.20463867787578988,0.20729181467598784,0.4593993270627221,0.1661097734810095,0.20068493793868308,0.08538261122474337,0.8351398485663614,0.6752881895139314,0.23130176050672233,0.09834802537642462,0.31988221862413196,0.7201597540551512,0.12183178175369709,0.3110831600065593,0.15362312932592076,0.7511473296393669,0.20922500839327293,0.20337825689655506,0.11976925978868132
C1,no,Insulin,19.46308724832215,0.6032480378029225,0.8855506844588716,0.27061331096404845,0.20320988632894846,0.2046386757843571,0.20729181224672014,0.4593993367327368,0.1661097724126752,0.20068493780727503,0.08538261113544754,0.8351398408840697,0.6752882407689507,0.23130175934221198,0.09834802537639106,0.31988211666159144,0.7201597526572144,0.12183177530515243,0.3110831080668863,0.15362312311724458,0.7511473269049256,0.20922473262889651,0.20337826075028986,0.11976925154633772
C1,no,Insulin,19.798657718120808,0.6032480299388477,0.8855506904878054,0.27061328762686926,0.20320981084423492,0.20463867411224487,0.20729181031819577,0.4593993443934575,0.1661097715500749,0.2006849376883293,0.08538261107396217,0.8351398348071164,0.6752882814277252,0.2313017584234332,0.09834802537637088,0.31988203579212615,0.7201597515468829,0.12183177020814086,0.3110830668745671,0.15362311820817154,0.7511473247360069,0.2092245138818823,0.20337826380412205,0.11976924499673611
C1,no,Insulin,20.134228187919465,0.603248023588931,0.8855506953540463,0.27061326874518066,0.20320974986778823,0.20463867273951206,0.2072918087541642,0.4593993505831803,0.16610977078285932,0.2006849375672597,0.08538261102818988,0.8351398298929592,0.6752883143504033,0.23130175768874772,0.09834802537635681,0.31988197033695276,0.7201597506441609,0.12183176611191118,0.31108303353626643,0.15362311425981176,0.7511473229772451,0.20922433678862792,0.20337826627008407,0.11976923966969297
C1,no,Insulin,20.469798657718123,0.6032480184235117,0.8855506993131538,0.27061325346513715,0.20320970069418012,0.20463867167564057,0.20729180749620688,0.4593993556061852,0.16610977025404705,0.20068493752342062,0.08538261099466733,0.8351398259484959,0.6752883409447493,0.2313017570759375,0.09834802537634713,0.31988191740488003,0.7201597499234809,0.12183176274110988,0.31108300656827825,0.15362311101741297,0.7511473215615679,0.2092241936487212,0.20337826826919006,0.1197692354206027
C1,no,Insulin,20.80536912751678,0.6032480142756055,0.8855507024857693,0.2706132412149711,0.2032096613679243,0.20463867081998705,0.20729180648816115,0.45939935963092343,0.1661097698392148,0.20068493748695093,0.08538261097082757,0.8351398227947562,0.6752883622677825,0.23130175658325794,0.09834802537634094,0.3198818749658024,0.7201597493454089,0.12183176004095238,0.3110829849433949,0.15362310841986337,0.7511473204272276,0.20922407887887254,0.20337826987206858,0.11976923201410196
C1,no,Insulin,21.140939597315437,0.6032480109599979,0.8855507050188008,0.2706132314232525,0.20320963000864098,0.20463867013062806,0.2072918056818829,0.4593993628453063,0.16610976950270273,0.2006849374523511,0.08538261095403235,0.8351398202794976,0.6752883793173812,0.23130175619057602,0.09834802537633705,0.31988184103761236,0.7201597488824633,0.12183175788881652,0.31108296765493054,0.15362310634883342,0.7511473195203017,0.2092239871151531,0.20337827115268908,0.11976922928601338
C1,no,Insulin,21.476510067114095,0.603248008312179,0.8855507070413133,0.2706132235920785,0.20320960498377683,0.20463866957314492,0.20729180503597835,0.4593993654135862,0.16610976922114037,0.20068493741760154,0.08538261094214873,0.8351398182713108,0.6752883929604873,0.23130175587899204,0.09834802537633461,0.3198818138954541,0.720159748511117,0.12183175617515017,0.3110829538256927,0.15362310469891657,0.7511473187942913,0.2092239136934463,0.20337827217594634,0.1197692270965573
C1,no,Insulin,21.812080536912752,0.6032480061937004,0.8855507086605456,0.27061321731708,0.20320958497820668,0.20463866912455636,0.20729180451787202,0.45939936747059706,0.16610976898914498,0.20068493738717785,0.08538261093366512,0.8351398166661428,0.6752884038955379,0.23130175563065286,0.09834802537633301,0.3198817921432676,0.7201597482132797,0.12183175480476947,0.3110829427440186,0.15362310337924362,0.7511473182123682,0.2092238548470182,0.20337827299525232,0.11976922533930198
C1,no,Insulin,22.14765100671141,0.6032480044958434,0.8855507099590939,0.27061321228410207,0.2032095689716325,0.20463866876520864,0.2072918041022039,0.45939936912036133,0.16610976880204967,0.200684937362932,0.08538261092757998,0.8351398153826867,0.6752884126665919,0.2313017554317581,0.09834802537633197,0.3198817746954079,0.7201597479745371,0.12183175370556276,0.31108293385584534,0.15362310232075563,0.7511473177457825,0.20922380764425508,0.20337827365212585,0.11976922392998829
C1,no,Insulin,22.483221476510067,0.6032480031345987,0.8855507110005317,0.2706132082481203,0.2032095561680232,0.20463866847790807,0.20729180376892276,0.4593993704433883,0.16610976865276325,0.20068493734426096,0.08538261092320341,0.8351398143568999,0.6752884196998524,0.23130175527217342,0.09834802537633126,0.31988176070356583,0.7201597477832885,0.12183175282341095,0.31108292672843507,0.15362310147138628,0.751147317371842,0.20922376979152443,0.20337827417876594,0.11976922280068751
C1,no,Insulin,22.818791946308725,0.6032480020459531,0.8855507118340171,0.2706132050189568,0.203209545950019,0.2046386682490708,0.20729180350230977,0.4593993715021381,0.16610976853388262,0.2006849373302333,0.0853826109200251,0.8351398135390601,0.6752884253266,0.2313017551444191,0.09834802537633075,0.31988174950877857,0.7201597476304952,0.12183175211671837,0.31108292102614654,0.15362310079108063,0.7511473170728471,0.20922373950646775,0.20337827460003058,0.11976922189807719
C1,no,Insulin,23.154362416107382,0.603248001161934,0.8855507125103692,0.2706132023995325,0.2032095376788362,0.20463866806409253,0.20729180328620575,0.45939937236105216,0.1661097684394122,0.2006849373196626,0.08538261091760245,0.8351398128775461,0.675288429890266,0.23130175504039507,0.09834802537633036,0.3198817404282438,0.7201597475066809,0.12183175154273351,0.3110829164004419,0.15362310023861356,0.7511473168304874,0.20922371494188002,0.20337827494181218,0.11976922116685652
C1,no,Insulin,23.48993288590604,0.6032480004339862,0.8855507130667778,0.27061320024595403,0.20320953088893903,0.20463866791270105,0.20729180310873094,0.45939937306736606,0.16610976836399874,0.20068493731187595,0.08538261091561021,0.8351398123348932,0.6752884336414974,0.23130175495440494,0.09834802537633,0.3198817329633521,0.7201597474050128,0.1218317510699667,0.3110829125973081,0.15362309978366445,0.7511473166313899,0.2092236947490995,0.2033782752229255,0.1197692205667402
C1,no,Insulin,23.8255033557047,0.6032479998236416,0.8855507135338099,0.2706131984414351,0.20320952520316274,0.204638667787627,0.2072918029602438,0.4593993736598385,0.16610976830332333,0.20068493730723164,0.08538261091373421,0.8351398118811213,0.675288436782974,0.231301754881859,0.09834802537632954,0.3198817267098816,0.7201597473201602,0.12183175067183706,0.3110829094113124,0.15362309940077248,0.7511473164647827,0.20922367783603035,0.20337827545860143,0.11976922006587205
C1,no,Insulin,24.161073825503358,0.6032479993439207,0.885550713899491,0.2706131970239009,0.20320952075025311,0.20463866768664665,0.2072918028433629,0.45939937412419823,0.166109768252756,0.2006849373008771,0.08538261091259611,0.8351398115250928,0.6752884392532343,0.23130175482538473,0.09834802537632936,0.31988172179541585,0.720159747252994,0.12183175036200711,0.31108290690719614,0.1536230991024549,0.7511473163336383,0.20922366454033553,0.20337827564356975,0.11976921966969557
C1,no,Insulin,24.496644295302016,0.6032479989464019,0.8855507142022097,0.2706131958500619,0.20320951706624027,0.20463866760270943,0.20729180274657802,0.4593993745086159,0.1661097682108477,0.20068493729536263,0.08538261091164052,0.8351398112304965,0.6752884412989985,0.2313017547786067,0.09834802537632918,0.31988171772573687,0.7201597471973162,0.12183175010570826,0.31108290483338885,0.15362309885564382,0.7511473162250146,0.20922365352983507,0.20337827579674525,0.11976921934141188
C1,no,Insulin,24.832214765100673,0.6032479986202279,0.8855507144507392,0.2706131948863975,0.20320951404591164,0.20463866753384102,0.20729180266711023,0.45939937482422694,0.16610976817632048,0.20068493729086329,0.08538261091086853,0.8351398109890648,0.6752884429784433,0.23130175474023681,0.09834802537632904,0.31988171438471985,0.7201597471516253,0.12183174989524531,0.31108290313097026,0.15362309865298077,0.7511473161358436,0.20922364449076025,0.20337827592247462,0.11976921907194404
C1,no,Insulin,25.16778523489933,0.6032479983895372,0.8855507146262744,0.2706131942016748,0.20320951191833306,0.2046386674828359,0.20729180261032149,0.45939937504766987,0.16610976814811124,0.20068493728538145,0.08538261091079591,0.8351398108186698,0.6752884441740162,0.2313017547137171,0.09834802537632918,0.31988171200859367,0.7201597471188035,0.12183174974810862,0.31108290192055454,0.15362309851102815,0.7511473160722626,0.20922363805848213,0.20337827601153272,0.11976921887808963
C1,no,Insulin,25.503355704697988,0.6032479981936577,0.8855507147754058,0.27061319362043984,0.2032095101117546,0.2046386674397765,0.2072918025621465,0.45939937523744623,0.166109768124528,0.20068493728098682,0.08538261091066975,0.8351398106740514,0.675288445188624,0.23130175469113579,0.09834802537632927,0.3198817099918517,0.7201597470909864,0.12183174962292279,0.31108290089320234,0.15362309839028615,0.7511473160183122,0.20922363259951493,0.20337827608715858,0.1197692187138073
C1,no,Insulin,25.838926174496645,0.6032479980488697,0.8855507148858841,0.2706131931892567,0.20320950878184801,0.20463866740770675,0.20729180252633533,0.4593993753781374,0.1661097681062911,0.20068493727749492,0.0853826109107684,0.8351398105677399,0.6752884459416381,0.23130175467456007,0.0983480253763294,0.31988170849526704,0.7201597470703441,0.12183174953030418,0.31108290013105755,0.1536230983009358,0.751147315978289,0.2092236285479365,0.2033782761431701,0.11976921859167537
C1,no,Insulin,26.174496644295303,0.603247997947794,0.8855507149635354,0.2706131928862819,0.20320950786027817,0.20463866738555908,0.20729180250113177,0.4593993754770599,0.16610976809317882,0.20068493727528833,0.08538261091106648,0.8351398104944341,0.6752884464707214,0.23130175466302164,0.09834802537632958,0.3198817074434049,0.7201597470559336,0.12183174946498158,0.311082899595726,0.15362309823796247,0.7511473159502328,0.20922362570030448,0.20337827618243873,0.11976921850607576
C1,no,Insulin,26.51006711409396,0.603247997871256,0.8855507150221993,0.27061319265705447,0.20320950716763667,0.204638667368633,0.20729180248205323,0.4593993755518189,0.16610976808312367,0.20068493727345474,0.08538261091134186,0.8351398104393648,0.6752884468711926,0.2313017546543121,0.09834802537632974,0.3198817066474103,0.7201597470449999,0.12183174941575053,0.31108289919057514,0.1536230981904795,0.7511473159289997,0.20922362354506346,0.20337827621213297,0.11976921844115501
C1,no,Insulin,26.845637583892618,0.6032479978141017,0.8855507150661247,0.27061319248611143,0.20320950665686083,0.20463866735652042,0.20729180246788134,0.45939937560770294,0.16610976807629912,0.20068493727259543,0.08538261091159254,0.8351398103990206,0.675288447169452,0.23130175464769331,0.09834802537632985,0.319881706054048,0.720159747036943,0.12183174937853822,0.31108289888856827,0.15362309815465136,0.7511473159132475,0.20922362193905233,0.20337827623429092,0.11976921839326858
C1,no,Insulin,27.181208053691275,0.6032479977782271,0.8855507150941129,0.2706131923765409,0.20320950634015003,0.20463866734867703,0.2072918024587007,0.4593993756434425,0.1661097680709513,0.20068493727180792,0.08538261091198505,0.8351398103741897,0.6752884473610136,0.23130175464368552,0.09834802537633003,0.31988170567313085,0.7201597470317833,0.12183174935493833,0.31108289869503425,0.15362309813191338,0.7511473159031498,0.20922362090739818,0.20337827624837967,0.1197692183622822
C1,no,Insulin,27.516778523489933,0.6032479977625311,0.8855507151070824,0.27061319232394215,0.20320950620454298,0.2046386673443534,0.20729180245406284,0.4593993756603343,0.16610976806597266,0.2006849372705693,0.08538261091258971,0.8351398103637173,0.6752884474540234,0.23130175464231245,0.0983480253763303,0.3198817054889463,0.7201597470292389,0.12183174934449484,0.3110828986021101,0.1536230981217706,0.7511473158982372,0.20922362040683481,0.20337827625491087,0.11976921834642472
C1,no,Insulin,27.85234899328859,0.6032479977548614,0.8855507151137614,0.27061319229630404,0.20320950614431377,0.2046386673420445,0.2072918024515537,0.4593993756691369,0.1661097680626388,0.20068493726975575,0.08538261091312208,0.8351398103592869,0.6752884475032024,0.23130175464176672,0.09834802537633053,0.31988170539167227,0.7201597470279114,0.12183174933919441,0.31108289855329646,0.15362309811661104,0.7511473158956675,0.20922362014193835,0.20337827625824717,0.11976921833789021
C1,no,Insulin,28.18791946308725,0.6032479977494952,0.8855507151183342,0.2706131922776801,0.20320950610771005,0.20463866734068487,0.20729180244990286,0.4593993756751038,0.16610976806083877,0.2006849372694294,0.08538261091350413,0.8351398103567489,0.6752884475361726,0.2313017546413063,0.09834802537633068,0.3198817053262428,0.7201597470270519,0.12183174933542082,0.3110828985203923,0.15362309811296362,0.7511473158939787,0.2092236199639989,0.2033782762605107,0.11976921833238405
C1,no,Insulin,28.52348993288591,0.6032479977407104,0.8855507151249852,0.2706131922521238,0.20320950604297952,0.20463866733920918,0.20729180244783993,0.45939937568348843,0.16610976806046154,0.20068493726965242,0.08538261091365786,0.8351398103519536,0.6752884475805562,0.2313017546401892,0.09834802537633072,0.319881705237592,0.7201597470259116,0.1218317493295578,0.31108289847519655,0.1536230981073573,0.751147315891709,0.2092236197243066,0.2033782762638234,0.11976921832561155
C1,no,Insulin,28.859060402684566,0.603247997722784,0.8855507151378987,0.2706131922036888,0.20320950589836992,0.20463866733655203,0.20729180244409443,0.4593993756995441,0.16610976806139616,0.20068493727048692,0.08538261091350521,0.8351398103407518,0.6752884476639754,0.23130175463767344,0.09834802537633061,0.3198817050706539,0.7201597470237413,0.12183174931798915,0.31108289838950826,0.15362309809632102,0.7511473158873966,0.20922361927415148,0.20337827627030733,0.11976921831327804
C1,no,Insulin,29.194630872483224,0.6032479977185077,0.8855507151408397,0.2706131921931419,0.20320950587467407,0.20463866733631664,0.20729180244335216,0.4593993757031008,0.1661097680624109,0.20068493727106315,0.08538261091351015,0.8351398103391758,0.6752884476818357,0.23130175463695568,0.09834802537633057,0.319881705034521,0.7201597470233304,0.12183174931511057,0.3110828983708237,0.15362309809361377,0.7511473158865345,0.20922361917715016,0.20337827627174704,0.1197692183110318
C1,no,Insulin,29.53020134228188,0.6032479977256142,0.8855507151355178,0.27061319221383323,0.2032095059507448,0.20463866733800334,0.20729180244506445,0.45939937569633094,0.16610976806325903,0.2006849372713303,0.08538261091366034,0.8351398103455222,0.6752884476457364,0.23130175463777128,0.09834802537633061,0.31988170510613995,0.7201597470243587,0.1218317493194886,0.3110828984073867,0.15362309809785257,0.7511473158885037,0.20922361937091735,0.20337827626901178,0.119769218316995
C1,no,Insulin,29.86577181208054,0.6032479977303948,0.8855507151318365,0.2706131922283301,0.20320950600409557,0.2046386673392392,0.20729180244629272,0.4593993756916087,0.1661097680641434,0.20068493727161152,0.08538261091372595,0.8351398103499885,0.6752884476203316,0.23130175463827504,0.09834802537633061,0.31988170515645775,0.7201597470250861,0.12183174932246216,0.31108289843298914,0.15362309810074046,0.7511473158898945,0.2092236195072307,0.203378276267119,0.11976921832128723
C1,no,Insulin,30.201342281879196,0.6032479977303169,0.8855507151316961,0.2706131922292679,0.20320950601122617,0.20463866733948108,0.2072918024464328,0.45939937569134337,0.16610976806482766,0.20068493727186468,0.08538261091368957,0.835139810350683,0.6752884476184523,0.23130175463816557,0.09834802537633057,0.3198817051599598,0.7201597470251598,0.12183174932242995,0.3110828984346106,0.15362309810073388,0.751147315890023,0.20922361951706797,0.2033782762670342,0.11976921832184484
C1,no,Insulin,30.536912751677853,0.6032479977228479,0.8855507151369967,0.2706131922092821,0.20320950594863643,0.20463866733818586,0.20729180244488063,0.4593993756979442,0.1661097680650755,0.2006849372720477,0.08538261091353382,0.835139810345714,0.6752884476529298,0.2313017546371415,0.09834802537633049,0.3198817050911314,0.7201597470242266,0.12183174931779076,0.31108289839923037,0.1536230980962893,0.7511473158882056,0.20922361933140696,0.203378276269723,0.11976921831660417
C1,no,Insulin,30.87248322147651,0.6032479977054549,0.8855507151496382,0.27061319216100804,0.20320950579282618,0.20463866733481045,0.20729180244103204,0.4593993757138205,0.1661097680646505,0.20068493727211842,0.08538261091324129,0.8351398103331897,0.6752884477365952,0.23130175463490146,0.09834802537633033,0.31988170492445794,0.7201597470219333,0.12183174930694331,0.31108289831382785,0.1536230980858632,0.7511473158837584,0.2092236188812255,0.203378276276151,0.11976921830350157
C1,no,Insulin,31.20805369127517,0.6032479976988904,0.8855507151542914,0.27061319214350793,0.20320950573580954,0.20463866733365718,0.20729180243967474,0.4593993757196121,0.16610976806487668,0.20068493727226977,0.08538261091306358,0.8351398103286168,0.6752884477667614,0.23130175463399996,0.09834802537633024,0.3198817048642487,0.7201597470211107,0.12183174930287899,0.31108289828286334,0.15362309808196803,0.7511473158821569,0.20922361871886816,0.20337827627851612,0.11976921829890336
C1,no,Insulin,31.543624161073826,0.6032479976953202,0.8855507151567793,0.2706131921342936,0.20320950570501936,0.20463866733307973,0.207291802438977,0.4593993757226847,0.16610976806516242,0.2006849372724061,0.08538261091292203,0.8351398103261425,0.6752884477825601,0.23130175463348537,0.09834802537633017,0.3198817048326643,0.7201597470206808,0.1218317493006742,0.3110828982665689,0.15362309807986005,0.7511473158813149,0.20922361863384384,0.20337827627978014,0.11976921829654985
C1,no,Insulin,31.879194630872483,0.6032479976900447,0.8855507151606052,0.27061319211981777,0.20320950565689688,0.20463866733208402,0.20729180243783285,0.4593993757274736,0.16610976806512615,0.20068493727246348,0.08538261091277423,0.8351398103222555,0.6752884478075739,0.2313017546327905,0.0983480253763301,0.3198817047827996,0.720159747019994,0.1218317492973695,0.3110828982409895,0.1536230980766875,0.7511473158799754,0.20922361849929774,0.20337827628172467,0.11976921829266207
C1,no,Insulin,32.214765100671144,0.6032479976825943,0.8855507151661427,0.2706131920986026,0.20320950558704018,0.20463866733055633,0.20729180243611608,0.45939937573445905,0.1661097680646698,0.20068493727242057,0.08538261091262662,0.8351398103166059,0.6752884478443972,0.23130175463186714,0.09834802537633004,0.31988170470950616,0.7201597470189794,0.12183174929265679,0.3110828982035155,0.15362309807215246,0.7511473158780005,0.20922361830127142,0.2033782762845383,0.11976921828680956
C1,no,Insulin,32.5503355704698,0.6032479976725001,0.8855507151737647,0.2706131920691699,0.20320950549104735,0.20463866732838296,0.20729180243370032,0.45939937574412115,0.16610976806369523,0.20068493727225606,0.08538261091248563,0.8351398103088439,0.6752884478956241,0.23130175463066688,0.09834802537632999,0.3198817046076359,0.7201597470175661,0.12183174928622799,0.31108289815153695,0.153623098065957,0.7511473158752523,0.20922361802580644,0.20337827628840965,0.11976921827856188
C1,no,Insulin,32.88590604026846,0.6032479976592927,0.8855507151838447,0.27061319203004175,0.20320950536451649,0.20463866732545014,0.20729180243045928,0.4593993757569401,0.1661097680621044,0.20068493727194872,0.0853826109123577,0.8351398102986194,0.675288447963849,0.23130175462914146,0.09834802537632995,0.3198817044720404,0.7201597470156832,0.12183174927777499,0.3110828980824442,0.15362309805780314,0.7511473158715927,0.20922361765894432,0.20337827629352737,0.11976921826748858
C1,no,Insulin,33.22147651006711,0.6032479976538058,0.8855507151880262,0.2706131920139005,0.20320950531448523,0.20463866732432925,0.20729180242913406,0.459399375762241,0.1661097680615898,0.20068493727191045,0.08538261091232974,0.83513981029464,0.6752884479919401,0.23130175462848523,0.09834802537632993,0.31988170441612157,0.7201597470149229,0.12183174927421045,0.31108289805394174,0.15362309805437488,0.751147315870102,0.20922361750772372,0.20337827629563932,0.11976921826301355
C1,no,Insulin,33.557046979865774,0.6032479976444955,0.8855507151950581,0.2706131919867782,0.20320950522369133,0.20463866732231265,0.20729180242690787,0.4593993757711544,0.16610976806068767,0.20068493727174957,0.08538261091216927,0.8351398102872548,0.6752884480391322,0.23130175462737856,0.09834802537632988,0.3198817043222882,0.7201597470136161,0.12183174926828778,0.3110828980060573,0.1536230980486658,0.7511473158675605,0.20922361725402794,0.2033782762992153,0.11976921825540057
C1,no,Insulin,33.89261744966443,0.6032479976360301,0.8855507152014914,0.2706131919619205,0.20320950514138747,0.20463866732047678,0.20729180242486026,0.45939937577931905,0.1661097680597956,0.20068493727159747,0.08538261091205031,0.8351398102805794,0.6752884480824114,0.23130175462638197,0.09834802537632985,0.3198817042362357,0.7201597470124218,0.12183174926286916,0.3110828979621758,0.15362309804344298,0.7511473158652343,0.20922361702132,0.20337827630248276,0.11976921824841205
C1,no,Insulin,34.22818791946309,0.6032479976284092,0.8855507152073262,0.2706131919393276,0.20320950506757365,0.20463866731882163,0.20729180242299122,0.45939937578673484,0.16610976805891367,0.2006849372714541,0.08538261091197284,0.8351398102746138,0.6752884481217777,0.23130175462549543,0.09834802537632982,0.319881704157964,0.7201597470113403,0.12183174925795455,0.31108289792229715,0.15362309803870636,0.7511473158631237,0.20922361680959994,0.2033782763054417,0.11976921824204798
C1,no,Insulin,34.56375838926175,0.6032479976216331,0.8855507152125623,0.2706131919189993,0.20320950500224985,0.2046386673173472,0.2072918024213008,0.45939937579340184,0.16610976805804184,0.20068493727131947,0.08538261091193687,0.835139810269358,0.675288448157231,0.23130175462471897,0.09834802537632982,0.3198817040874732,0.7201597470103714,0.12183174925354398,0.31108289788642135,0.15362309803445598,0.7511473158612283,0.20922361661886776,0.2033782763080921,0.11976921823630834
C1,no,Insulin,34.899328859060404,0.6032479976154699,0.8855507152173479,0.2706131919003958,0.20320950494298276,0.20463866731600533,0.20729180241974973,0.45939937579950063,0.1661097680572077,0.20068493727119405,0.08538261091191998,0.835139810264601,0.6752884481896916,0.23130175462401825,0.09834802537632982,0.3198817040229327,0.7201597470094869,0.12183174924951264,0.3110828978535921,0.15362309803057128,0.7511473158594957,0.20922361644420856,0.20337827631051203,0.11976921823104977
C1,no,Insulin,35.234899328859065,0.6032479976080308,0.8855507152228885,0.2706131918791177,0.20320950486994313,0.2046386673144034,0.20729180241801823,0.45939937580650336,0.16610976805663596,0.20068493727108153,0.0853826109117396,0.835139810258623,0.6752884482266578,0.2313017546231138,0.09834802537632975,0.3198817039494265,0.7201597470084553,0.12183174924484348,0.3110828978160169,0.1536230980260703,0.7511473158574963,0.2092236162455721,0.20337827631333738,0.11976921822510382
C1,no,Insulin,35.57046979865772,0.6032479976011983,0.8855507152279827,0.27061319185954924,0.2032095048028921,0.20463866731293262,0.20729180241642495,0.45939937581294293,0.1661097680561027,0.20068493727097822,0.08538261091157767,0.835139810253138,0.6752884482606569,0.23130175462228417,0.0983480253763297,0.31988170388181947,0.7201597470075073,0.12183174924055007,0.3110828977814614,0.15362309802193166,0.751147315855658,0.20922361606287115,0.2033782763159344,0.11976921821963492
C1,no,Insulin,35.90604026845638,0.603247997594972,0.8855507152326303,0.2706131918416905,0.20320950474182967,0.20463866731159308,0.20729180241496994,0.4593993758188194,0.1661097680556079,0.20068493727088413,0.08538261091143422,0.8351398102481457,0.675288448291689,0.23130175462152933,0.09834802537632964,0.3198817038201116,0.7201597470066426,0.12183174923663238,0.3110828977499258,0.15362309801815535,0.751147315853981,0.20922361589610577,0.20337827631830313,0.11976921821464308
C1,no,Insulin,36.241610738255034,0.6032479975893524,0.8855507152368315,0.27061319182554144,0.20320950468675586,0.20463866731038474,0.20729180241365316,0.4593993758241327,0.16610976805515154,0.20068493727079928,0.08538261091130922,0.8351398102436464,0.675288448319754,0.2313017546208493,0.09834802537632958,0.3198817037643029,0.7201597470058616,0.12183174923309044,0.31108289772141007,0.15362309801474142,0.7511473158524652,0.20922361574527593,0.20337827632044353,0.11976921821012827
C1,no,Insulin,36.577181208053695,0.6032479975843391,0.8855507152405862,0.2706131918111021,0.20320950463767062,0.20463866730930758,0.20729180241247464,0.45939937582888296,0.16610976805473363,0.20068493727072362,0.08538261091120268,0.8351398102396399,0.675288448344852,0.23130175462024405,0.09834802537632954,0.3198817037143934,0.720159747005164,0.12183174922992424,0.31108289769591413,0.15362309801168977,0.7511473158511107,0.20922361561038164,0.20337827632235564,0.11976921820609053
C1,no,Insulin,36.91275167785235,0.6032479975799322,0.8855507152438943,0.27061319179837245,0.20320950459457401,0.20463866730836164,0.20729180241143436,0.45939937583307,0.16610976805435418,0.20068493727065717,0.08538261091111461,0.8351398102361263,0.6752884483669831,0.2313017546197136,0.09834802537632951,0.3198817036703831,0.7201597470045501,0.12183174922713375,0.311082897673438,0.1536230980090005,0.7511473158499173,0.20922361549142288,0.20337827632403946,0.11976921820252984
C1,no,Insulin,37.24832214765101,0.6032479975761318,0.885550715246756,0.2706131917873525,0.203209504557466,0.20463866730754687,0.20729180241053233,0.459399375836694,0.1661097680540132,0.20068493727059997,0.085382610911045,0.8351398102331056,0.675288448386147,0.23130175461925798,0.09834802537632949,0.319881703632272,0.7201597470040195,0.12183174922471901,0.3110828976539817,0.15362309800667356,0.7511473158488852,0.20922361538839965,0.20337827632549493,0.11976921819944619
C1,no,Insulin,37.58389261744966,0.6032479975729378,0.8855507152491712,0.2706131917780422,0.2032095045263466,0.20463866730686334,0.20729180240976855,0.4593993758397548,0.16610976805371067,0.20068493727055195,0.08538261091099385,0.8351398102305777,0.6752884484023439,0.23130175461887717,0.09834802537632947,0.31988170360005996,0.7201597470035724,0.12183174922267999,0.31108289763754526,0.15362309800470897,0.7511473158480143,0.20922361530131198,0.20337827632672215,0.11976921819683961
C1,no,Insulin,37.919463087248324,0.6032479975703503,0.8855507152511399,0.2706131917704417,0.20320950450121578,0.20463866730631097,0.20729180240914302,0.45939937584225254,0.1661097680534466,0.20068493727051318,0.08538261091096117,0.8351398102285428,0.6752884484155738,0.23130175461857114,0.09834802537632946,0.3198817035737472,0.720159747003209,0.12183174922101671,0.31108289762412866,0.15362309800310672,0.7511473158473047,0.20922361523015984,0.203378276327721,0.11976921819471006
C1,no,Insulin,38.25503355704698,0.6032479975683691,0.8855507152526622,0.2706131917645508,0.20320950448207356,0.20463866730588984,0.20729180240865575,0.4593993758441871,0.16610976805322097,0.20068493727048362,0.08538261091094694,0.8351398102270008,0.6752884484258367,0.23130175461833993,0.09834802537632946,0.3198817035533336,0.720159747002929,0.12183174921972917,0.31108289761373187,0.1536230980018668,0.7511473158467562,0.20922361517494323,0.2033782763284916,0.11976921819305758
C1,no,Insulin,38.59060402684564,0.6032479975669944,0.8855507152537379,0.2706131917603696,0.20320950446891994,0.20463866730559988,0.20729180240830672,0.4593993758455586,0.16610976805303382,0.20068493727046324,0.08538261091095117,0.8351398102259516,0.6752884484331325,0.2313017546181835,0.09834802537632946,0.3198817035388192,0.7201597470027324,0.12183174921881736,0.31108289760635494,0.15362309800098922,0.751147315846369,0.20922361513566218,0.20337827632903388,0.11976921819188213
C1,no,Insulin,38.9261744966443,0.6032479975662263,0.885550715254367,0.2706131917578981,0.20320950446175495,0.20463866730544114,0.20729180240809594,0.4593993758463669,0.16610976805288513,0.2006849372704521,0.08538261091097388,0.8351398102253953,0.6752884484374613,0.2313017546181019,0.09834802537632947,0.3198817035302039,0.7201597470026194,0.12183174921828129,0.3110828976019978,0.15362309800047397,0.751147315846143,0.20922361511231669,0.20337827632934782,0.11976921819118375
C1,no,Insulin,39.261744966442954,0.6032479975660644,0.8855507152545498,0.27061319175713633,0.20320950446057853,0.20463866730541358,0.2072918024080234,0.45939937584661217,0.1661097680527749,0.2006849372704502,0.08538261091101505,0.8351398102253319,0.6752884484388231,0.23130175461809507,0.0983480253763295,0.31988170352748785,0.7201597470025899,0.12183174921812094,0.3110828976006605,0.1536230980003211,0.7511473158460782,0.2092236151049067,0.2033782763294335,0.11976921819096241
C1,no,Insulin,39.597315436241615,0.603247997566509,0.8855507152542861,0.27061319175808424,0.20320950446539074,0.20463866730551725,0.20729180240808912,0.45939937584629426,0.16610976805270308,0.2006849372704575,0.08538261091107467,0.8351398102257613,0.6752884484372178,0.23130175461816307,0.09834802537632953,0.31988170353067097,0.720159747002644,0.12183174921833632,0.31108289760234303,0.15362309800053053,0.7511473158461747,0.20922361511343227,0.20337827632929084,0.11976921819121814
C1,no,Insulin,39.93288590604027,0.6032479975675601,0.8855507152535759,0.27061319176074183,0.20320950447619154,0.2046386673057521,0.20729180240829306,0.45939937584541324,0.16610976805266975,0.20068493727047398,0.08538261091115276,0.8351398102266837,0.6752884484326455,0.23130175461830588,0.09834802537632956,0.3198817035397532,0.7201597470027815,0.12183174921892745,0.3110828976070454,0.1536230980011023,0.7511473158464324,0.2092236151378934,0.2033782763289199,0.1197692181919509
C1,no,Insulin,40.26845637583893,0.6032479975692175,0.8855507152524191,0.2706131917651091,0.20320950449298095,0.20463866730611815,0.2072918024086353,0.45939937584396906,0.16610976805267488,0.2006849372704997,0.08538261091124932,0.835139810228099,0.6752884484251062,0.23130175461852345,0.0983480253763296,0.31988170355473466,0.7201597470030024,0.12183174921989431,0.3110828976147676,0.15362309800203644,0.7511473158468512,0.20922361517829005,0.20337827632832065,0.11976921819316072
C1,no,Insulin,40.604026845637584,0.6032479975714814,0.8855507152508159,0.2706131917711861,0.20320950451575895,0.2046386673066154,0.20729180240911574,0.4593993758419618,0.16610976805271846,0.20068493727053466,0.08538261091136434,0.835139810230007,0.6752884484145998,0.23130175461881586,0.09834802537632965,0.3198817035756153,0.720159747003307,0.1218317492212369,0.3110828976255096,0.1536230980033329,0.7511473158474314,0.20922361523462224,0.20337827632749308,0.11976921819484758
C1,no,Insulin,40.939597315436245,0.6032479975743518,0.8855507152487662,0.27061319177897275,0.20320950454452555,0.20463866730724387,0.20729180240973447,0.4593993758393914,0.1661097680528005,0.20068493727057882,0.08538261091149782,0.8351398102324081,0.6752884484011263,0.23130175461918306,0.09834802537632971,0.31988170360239515,0.720159747003695,0.12183174922295523,0.3110828976392715,0.1536230980049917,0.7511473158481727,0.20922361530689,0.2033782763264372,0.1197692181970115
C1,no,Insulin,41.2751677852349,0.6032479975752906,0.8855507152481181,0.2706131917814079,0.20320950455422307,0.20463866730745264,0.20729180240992381,0.45939937583858437,0.1661097680527912,0.20068493727059372,0.08538261091156087,0.8351398102332316,0.6752884483969293,0.23130175461930796,0.09834802537632974,0.3198817036107334,0.7201597470038196,0.12183174922349577,0.31108289764357683,0.15362309800551416,0.751147315848408,0.20922361532936015,0.20337827632610028,0.11976921819768545
C1,no,Insulin,41.61073825503356,0.6032479975745367,0.8855507152486979,0.2706131917791561,0.2032095045472097,0.20463866730729358,0.20729180240973724,0.4593993758393217,0.1661097680527028,0.20068493727058292,0.08538261091156187,0.8351398102326724,0.6752884484008563,0.2313017546192204,0.09834802537632974,0.31988170360292095,0.7201597470037132,0.1218317492230047,0.31108289763959995,0.15362309800504137,0.7511473158481997,0.20922361530821906,0.20337827632639313,0.11976921819705451
C1,no,Insulin,41.946308724832214,0.6032479975739212,0.885550715249172,0.27061319177731197,0.20320950454156453,0.20463866730716412,0.20729180240958425,0.459399375839925,0.16610976805262895,0.20068493727057427,0.08538261091156495,0.8351398102322243,0.675288448404074,0.23130175461914917,0.09834802537632974,0.3198817035965194,0.7201597470036264,0.12183174922260291,0.31108289763634234,0.1536230980046546,0.7511473158480297,0.20922361529089284,0.20337827632663236,0.11976921819653791
C1,no,Insulin,42.281879194630875,0.6032479975734443,0.8855507152495402,0.2706131917758755,0.20320950453728748,0.2046386673070643,0.20729180240946485,0.45939937584039414,0.1661097680525696,0.20068493727056771,0.0853826109115701,0.8351398102318873,0.6752884484065823,0.23130175461909427,0.09834802537632974,0.3198817035915288,0.7201597470035591,0.1218317492222904,0.31108289763380403,0.1536230980043538,0.7511473158478978,0.20922361527738148,0.20337827632681793,0.11976921819613566
C1,no,Insulin,42.61744966442953,0.6032479975731058,0.8855507152498028,0.2706131917748467,0.2032095045343786,0.20463866730699407,0.20729180240937903,0.4593993758407291,0.1661097680525248,0.2006849372705633,0.08538261091157731,0.8351398102316615,0.6752884484083811,0.2313017546190557,0.09834802537632974,0.31988170358794915,0.7201597470035113,0.12183174922206716,0.31108289763198504,0.153623098004139,0.7511473158478041,0.209223615267685,0.20337827632694988,0.11976921819584775
C1,no,Insulin,42.95302013422819,0.6032479975729057,0.8855507152499598,0.27061319177422555,0.20320950453283787,0.2046386673069535,0.2072918024093268,0.45939937584092994,0.16610976805249453,0.200684937270561,0.08538261091158661,0.8351398102315468,0.6752884484094703,0.23130175461903346,0.09834802537632975,0.31988170358578044,0.7201597470034831,0.12183174922193318,0.31108289763088537,0.15362309800401022,0.7511473158477485,0.2092236152618034,0.20337827632702815,0.1197692181956742
C1,no,Insulin,43.28859060402685,0.6032479975728441,0.885550715250011,0.2706131917740121,0.2032095045326653,0.20463866730694252,0.20729180240930814,0.45939937584099666,0.16610976805247876,0.2006849372705608,0.08538261091159798,0.8351398102315432,0.6752884484098503,0.23130175461902758,0.09834802537632975,0.31988170358502266,0.7201597470034743,0.1218317492218885,0.31108289763050495,0.15362309800396742,0.7511473158477312,0.20922361525973665,0.20337827632705283,0.11976921819561498
C1,no,Insulin,43.624161073825505,0.6032479975729209,0.8855507152499564,0.2706131917742063,0.2032095045338609,0.20463866730696118,0.2072918024093231,0.4593993758409292,0.16610976805247754,0.20068493727056275,0.08538261091161142,0.8351398102316507,0.6752884484095207,0.23130175461903799,0.09834802537632975,0.31988170358567586,0.7201597470034851,0.12183174922193307,0.31108289763084385,0.15362309800401064,0.751147315847752,0.2092236152614848,0.20337827632702382,0.1197692181956701
C1,no,Insulin,43.959731543624166,0.6032479975731362,0.8855507152497962,0.27061319177480814,0.2032095045364247,0.20463866730700947,0.20729180240937162,0.45939937584072765,0.16610976805249084,0.20068493727056677,0.08538261091162694,0.8351398102318693,0.6752884484084818,0.23130175461906474,0.09834802537632976,0.31988170358774,0.7201597470035153,0.12183174922206694,0.31108289763190206,0.15362309800413984,0.7511473158478108,0.20922361526704783,0.2033782763269412,0.11976921819583958
C1,no,Insulin,44.29530201342282,0.60324799757349,0.8855507152495303,0.2706131917758176,0.2032095045403566,0.20463866730708735,0.20729180240945375,0.4593993758403919,0.16610976805251865,0.20068493727057293,0.08538261091164452,0.8351398102321991,0.6752884484067333,0.23130175461910785,0.09834802537632976,0.31988170359121504,0.7201597470035651,0.12183174922229006,0.3110828976336796,0.15362309800435506,0.751147315847908,0.20922361527642572,0.2033782763268049,0.11976921819612339
C1,no,Insulin,44.63087248322148,0.6032479975739822,0.8855507152491587,0.2706131917772348,0.20320950454565667,0.20463866730719488,0.20729180240956943,0.45939937583992213,0.166109768052561,0.20068493727058123,0.08538261091166419,0.83513981023264,0.6752884484042755,0.23130175461916724,0.09834802537632978,0.319881703596101,0.7201597470036344,0.12183174922260248,0.31108289763617636,0.15362309800465626,0.7511473158480432,0.20922361528961847,0.203378276326615,0.11976921819652156
C1,no,Insulin,44.966442953020135,0.6032479975746128,0.8855507152486815,0.2706131917790596,0.20320950455232492,0.20463866730733202,0.20729180240971873,0.4593993758393181,0.16610976805261787,0.2006849372705916,0.08538261091168592,0.835139810233192,0.6752884484011081,0.23130175461924302,0.09834802537632978,0.319881703602398,0.7201597470037232,0.12183174922300416,0.3110828976393925,0.15362309800504348,0.7511473158482166,0.20922361530662612,0.20337827632637145,0.11976921819703405
C1,no,Insulin,45.302013422818796,0.603247997575382,0.8855507152480985,0.2706131917812921,0.20320950456036133,0.20463866730749877,0.2072918024099016,0.45939937583858004,0.1661097680526893,0.20068493727060413,0.08538261091170972,0.8351398102338551,0.6752884483972313,0.23130175461933508,0.09834802537632979,0.31988170361010587,0.7201597470038316,0.12183174922349511,0.3110828976433279,0.15362309800551668,0.7511473158484281,0.20922361532744865,0.20337827632607425,0.11976921819766091
C1,no,Insulin,45.63758389261745,0.6032479975762894,0.8855507152474097,0.2706131917839323,0.2032095045697659,0.20463866730769517,0.20729180241011808,0.4593993758377078,0.1661097680527752,0.20068493727061879,0.0853826109117356,0.8351398102346292,0.6752884483926451,0.2313017546194435,0.09834802537632979,0.3198817036192247,0.7201597470039595,0.12183174922407534,0.3110828976479826,0.15362309800607588,0.7511473158486779,0.20922361535208603,0.20337827632572342,0.1197692181984021
C1,no,Insulin,45.97315436241611,0.6032479975773355,0.8855507152466153,0.2706131917869801,0.2032095045805386,0.20463866730792116,0.20729180241036813,0.4593993758367014,0.16610976805287567,0.20068493727063552,0.08538261091176355,0.8351398102355146,0.6752884483873495,0.23130175461956826,0.0983480253763298,0.3198817036297545,0.7201597470041069,0.12183174922474485,0.3110828976533566,0.15362309800672108,0.7511473158489658,0.2092236153805383,0.20337827632531894,0.11976921819925763
C1,no,Insulin,46.308724832214764,0.6032479975785199,0.8855507152457152,0.27061319179043564,0.20320950459267947,0.20463866730817679,0.2072918024106518,0.45939937583556084,0.16610976805299063,0.2006849372706544,0.08538261091179358,0.8351398102365111,0.6752884483813444,0.2313017546197093,0.09834802537632982,0.31988170364169516,0.7201597470042738,0.12183174922550363,0.3110828976594499,0.1536230980074523,0.7511473158492917,0.20922361541280546,0.2033782763248608,0.11976921820022751
C1,no,Insulin,46.644295302013425,0.6032479975798428,0.8855507152447094,0.27061319179429877,0.2032095046061885,0.20463866730846203,0.207291802410969,0.4593993758342862,0.16610976805312014,0.20068493727067538,0.08538261091182568,0.8351398102376186,0.6752884483746299,0.23130175461986674,0.09834802537632982,0.31988170365504687,0.7201597470044602,0.12183174922635169,0.3110828976662625,0.1536230980082695,0.751147315849656,0.20922361544888748,0.20337827632434904,0.11976921820131174
C1,no,Insulin,46.97986577181208,0.6032479975813041,0.8855507152435979,0.27061319179856963,0.20320950462106568,0.20463866730877692,0.20729180241131984,0.45939937583287743,0.1661097680532642,0.2006849372706985,0.08538261091185986,0.8351398102388373,0.6752884483672059,0.23130175462004046,0.09834802537632983,0.31988170366980945,0.7201597470046661,0.12183174922728902,0.31108289767379443,0.1536230980091727,0.7511473158500583,0.20922361548878438,0.20337827632378364,0.11976921820251031
C1,no,Insulin,47.31543624161074,0.6032479975833668,0.8855507152420758,0.27061319180429416,0.20320950464471876,0.2046386673092432,0.2072918024117801,0.4593993758309642,0.16610976805338135,0.20068493727074,0.0853826109120069,0.8351398102408476,0.6752884483573219,0.23130175462029792,0.09834802537632988,0.3198817036894432,0.7201597470049549,0.12183174922855887,0.3110828976838671,0.15362309801039892,0.7511473158506174,0.2092236155417052,0.20337827632299837,0.11976921820412166
C1,no,Insulin,47.6510067114094,0.6032479975836664,0.8855507152418434,0.2706131918051961,0.20320950464765583,0.20463866730930586,0.20729180241185505,0.4593993758306681,0.16610976805341812,0.20068493727074382,0.08538261091200677,0.8351398102410837,0.6752884483557493,0.23130175462033256,0.09834802537632988,0.31988170369257213,0.7201597470049974,0.12183174922875614,0.31108289768545877,0.1536230980105888,0.751147315850701,0.20922361555017097,0.2033782763228809,0.11976921820437449
C1,no,Insulin,47.986577181208055,0.6032479975839662,0.8855507152416108,0.27061319180609805,0.20320950465059293,0.20463866730936847,0.20729180241192996,0.45939937583037205,0.16610976805345493,0.20068493727074768,0.08538261091200666,0.8351398102413199,0.6752884483541767,0.23130175462036717,0.09834802537632988,0.319881703695701,0.7201597470050399,0.12183174922895341,0.31108289768705044,0.15362309801077864,0.7511473158507848,0.20922361555863675,0.20337827632276342,0.11976921820462733
C1,no,Insulin,48.322147651006716,0.603247997584266,0.8855507152413782,0.27061319180700005,0.20320950465353,0.20463866730943112,0.2072918024120049,0.459399375830076,0.1661097680534917,0.2006849372707515,0.08538261091200655,0.8351398102415559,0.675288448352604,0.2313017546204018,0.09834802537632988,0.3198817036988299,0.7201597470050825,0.1218317492291507,0.31108289768864217,0.15362309801096852,0.7511473158508684,0.20922361556710253,0.20337827632264596,0.11976921820488015
C1,no,Insulin,48.65771812080537,0.6032479975845656,0.8855507152411456,0.270613191807902,0.20320950465646706,0.20463866730949373,0.20729180241207984,0.4593993758297799,0.1661097680535285,0.20068493727075534,0.08538261091200644,0.8351398102417921,0.6752884483510314,0.23130175462043645,0.09834802537632988,0.3198817037019588,0.720159747005125,0.12183174922934797,0.31108289769023384,0.15362309801115837,0.751147315850952,0.20922361557556832,0.20337827632252847,0.11976921820513299
C1,no,Insulin,48.99328859060403,0.6032479975848654,0.8855507152409131,0.27061319180880394,0.20320950465940413,0.20463866730955638,0.20729180241215478,0.45939937582948387,0.16610976805356528,0.2006849372707592,0.08538261091200632,0.8351398102420282,0.6752884483494588,0.2313017546204711,0.09834802537632988,0.31988170370508767,0.7201597470051674,0.12183174922954525,0.3110828976918255,0.15362309801134824,0.7511473158510357,0.20922361558403407,0.203378276322411,0.11976921820538582
C1,no,Insulin,49.328859060402685,0.6032479975851651,0.8855507152406805,0.2706131918097059,0.2032095046623412,0.204638667309619,0.20729180241222972,0.4593993758291878,0.16610976805360209,0.20068493727076303,0.0853826109120062,0.8351398102422644,0.6752884483478861,0.23130175462050573,0.09834802537632988,0.3198817037082166,0.7201597470052099,0.12183174922974253,0.31108289769341724,0.1536230980115381,0.7511473158511193,0.20922361559249986,0.20337827632229352,0.11976921820563866
C1,no,Insulin,49.664429530201346,0.6032479975854648,0.8855507152404479,0.27061319181060783,0.2032095046652783,0.20463866730968164,0.20729180241230466,0.45939937582889173,0.16610976805363886,0.20068493727076686,0.0853826109120061,0.8351398102425004,0.6752884483463135,0.23130175462054037,0.09834802537632988,0.3198817037113455,0.7201597470052524,0.1218317492299398,0.3110828976950089,0.15362309801172797,0.7511473158512029,0.20922361560096564,0.20337827632217606,0.11976921820589148
C1,no,Insulin,50.0,0.6032479975857645,0.8855507152402153,0.27061319181150983,0.20320950466821536,0.20463866730974425,0.2072918024123796,0.4593993758285957,0.16610976805367567,0.20068493727077072,0.08538261091200598,0.8351398102427365,0.6752884483447409,0.231301754620575,0.09834802537632988,0.3198817037144744,0.720159747005295,0.12183174923013708,0.3110828976966006,0.1536230980119178,0.7511473158512866,0.20922361560943142,0.20337827632205857,0.11976921820614432