,,,Slide ID,CycB,UbcH10,Cdc20,CycD,CycA,CycE,cdh1,E2F,Rb,p27
,,,Antibody Name,CycB,UbcH10,Cdc20,CycD,CycA,CycE,cdh1,E2F,Rb,p27
,,,HUGO ID,CycB,UbcH10,Cdc20,CycD,CycA,CycE,cdh1,E2F,Rb,p27
Cell Line,Inhibitor,Stimulus,Timepoint
C1,no,Insulin,0.0,0.20210403661335186,0.11980966185251851,0.7182441219793517,0.7278674307904622,0.9159394668187656,0.8085788015105838,0.09389286751965753,0.49349301348664176,0.056170334392688925,0.47236254662119914
C1,no,Insulin,0.14326647564469913,0.28521187434059164,0.11171291273980336,0.5391091149368361,0.6285387800155948,0.8026474562684613,0.7342098230708486,0.3026149932890018,0.5049468779080488,0.11523438091701818,0.3643830968457551
C1,no,Insulin,0.28653295128939826,0.3429971292126207,0.1049524180977777,0.4234069608475336,0.549481022194627,0.7043293511718764,0.6697850209137839,0.44076646384641954,0.5057366944707788,0.16593284186326113,0.28536997358947724
C1,no,Insulin,0.4297994269340974,0.38535110063907535,0.09914913176010968,0.348613056748098,0.4861472025661263,0.6205295264699182,0.6141307206302173,0.5321319793662195,0.5016111419272475,0.2097127243898796,0.22726582710697155
C1,no,Insulin,0.5730659025787965,0.4170680659698467,0.09408437548219546,0.30043397933078764,0.43508554576977976,0.5496108540500488,0.56610615765812,0.5925330534740161,0.49534095546995616,0.2477236619377559,0.18425931573187984
C1,no,Insulin,0.7163323782234956,0.4410076908994386,0.08961423479638185,0.2695972892798872,0.3936634577573075,0.4898174470374042,0.5246887634100635,0.6325498027744476,0.48839435618632676,0.2808837304571916,0.15219362314409957
C1,no,Insulin,0.8595988538681948,0.45907368590869757,0.08563701582592678,0.2500370797625461,0.35986268378856046,0.43951466265768296,0.48898206072841566,0.6592280915855534,0.481560119568228,0.3099304035650629,0.12809980305391394
C1,no,Insulin,1.002865329512894,0.47263812973919134,0.08207750691921076,0.23777442039916258,0.33212721043482135,0.3972532579616856,0.4582067701709011,0.677223301906488,0.47524440041463323,0.33546023019802557,0.10985392053929242
C1,no,Insulin,1.146131805157593,0.48274260246647593,0.07887823236808963,0.23020116506101007,0.30925017721497505,0.3617774369753584,0.43168797414221555,0.6895833214732043,0.46963076867120224,0.35795972397882225,0.09593099212723896
C1,no,Insulin,1.2893982808022921,0.49019859371714325,0.0759941001597464,0.225613290019711,0.2902896519702963,0.3320125878700647,0.40884207808796785,0.698285506595692,0.4647728510847101,0.37782935620510394,0.08523038173541023
C1,no,Insulin,1.4326647564469912,0.4956429700226503,0.07338888978567053,0.2229034042617965,0.2745057209142792,0.3070460680586905,0.38916478320788067,0.7046021725375807,0.46065033663499466,0.39540214408808033,0.07695254734983968
C1,no,Insulin,1.5759312320916905,0.49957376696480366,0.07103284422914509,0.2213571248144934,0.2613133567698514,0.286106515923257,0.3722204105690787,0.709346321802271,0.4572035142140997,0.41095800367955315,0.07051227654612684
C1,no,Insulin,1.7191977077363896,0.5023770670275081,0.06890097679751112,0.22051793182227683,0.2502469711238755,0.2685440547353513,0.35763259144439624,0.7130348159630747,0.4543546381548034,0.42473479533915803,0.06547762720867373
C1,no,Insulin,1.8624641833810887,0.504348998945097,0.06697186805807834,0.22009751897701024,0.24093363668300158,0.2538123406748582,0.34507621399787985,0.7159954745714446,0.45202094013686506,0.4369367971035519,0.06152689979650372
C1,no,Insulin,2.005730659025788,0.5057142185171108,0.0652268101611007,0.21991651088867276,0.2330727654240964,0.2414527489737234,0.3342704781244188,0.7184365735322183,0.45012224826336306,0.44774118729531986,0.05841824653458264
C1,no,Insulin,2.148997134670487,0.5066413514606317,0.06364920038421658,0.21986541197889753,0.22642060470173359,0.23108068415070976,0.32497290777603655,0.7204914983599611,0.4485851241717689,0.45730299738064845,0.05596812061618887
C1,no,Insulin,2.292263610315186,0.5072556810695753,0.06222411381899642,0.21987904722165824,0.220778346573331,0.2223738585798976,0.31697418415389256,0.7222471152110004,0.4473447700165576,0.46575889755167804,0.05403592404001776
C1,no,Insulin,2.4355300859598854,0.5076493773691434,0.06093800326660804,0.21991993552870173,0.21598295078852459,0.21506232731345826,0.31009367999549353,0.7237616209809143,0.4463455500086611,0.47323010174860525,0.052512995164065754
C1,no,Insulin,2.5787965616045843,0.5078895974462423,0.05977848866126199,0.21996759775271033,0.2119000246117313,0.20892005814716835,0.30417559481779416,0.7250756035450837,0.4455406819894969,0.47982461172338525,0.05131466244124166
C1,no,Insulin,2.7220630372492836,0.5080247979607622,0.05873420792253684,0.22001173833320842,0.2084182612751438,0.20375782370243095,0.29908560545976176,0.726218826487231,0.44489147776772997,0.48563897149979857,0.05037445714101376
C1,no,Insulin,2.8653295128939824,0.5080895881013427,0.05779470921201375,0.2200479661694598,0.2054450702031076,0.19941722293041422,0.2947079612191942,0.7272143163083884,0.44436637328988826,0.490759661119364,0.049639862518957766
C1,no,Insulin,3.0085959885386817,0.5081084177602774,0.05695037025223216,0.2200751506983425,0.20290312020314819,0.19576566008931845,0.29094296314751655,0.7280807900783012,0.4439399036810161,0.49526422712034157,0.049069157608580764
C1,no,Insulin,3.151862464183381,0.5080983455731262,0.0561923350945651,0.2200938327113453,0.20072759157520198,0.1926921362925327,0.28770477778244086,0.7288340668997924,0.4435917135313459,0.4992222194184019,0.048629054365214495
C1,no,Insulin,3.29512893982808,0.5080711083327489,0.05551246137335286,0.22010528187518244,0.19886396931851524,0.19010371675253332,0.28491953819106697,0.7294878935198829,0.44330565522586046,0.5026959891412157,0.04829289856970353
C1,no,Insulin,3.438395415472779,0.5080346396104943,0.05490327423253879,0.22011098396210027,0.19726627120382123,0.18792257933675188,0.28252370032064883,0.7300544037503565,0.4430689961659851,0.5057413809492626,0.04803929843580136
C1,no,Insulin,3.5816618911174785,0.5079941836513889,0.05435792405580924,0.22011236604987594,0.19589561047153686,0.1860835428939594,0.2804626185456486,0.7305443941980797,0.44287174267956936,0.5084083458754575,0.047851060913260815
C1,no,Insulin,3.7249283667621773,0.5079531037417517,0.053870146496497545,0.22011066976507762,0.19471902457707693,0.18453200059972635,0.2786893133853677,0.7309674953225527,0.4427060760019261,0.5107414930405041,0.047714359737510294
C1,no,Insulin,3.8681948424068766,0.5079134677878602,0.053434224008830675,0.22010691079728226,0.19370851160790778,0.18322218543652438,0.2771634027788689,0.7313322860492986,0.4425658874193118,0.5127805930570152,0.0476180762030192
C1,no,Insulin,4.011461318051576,0.5078764596766097,0.05304494862001674,0.22010188316036106,0.1928402426915912,0.18211572943612864,0.2758501834640822,0.7316463846498261,0.44244640533431334,0.5145610377444078,0.047553279929389465
C1,no,Insulin,4.154727793696275,0.5078426757017096,0.05269758579439964,0.22009618232542458,0.19209390610620694,0.1811804525176086,0.2747198350065062,0.7319165289818301,0.4423438954593307,0.5161142635886902,0.047512809639801
C1,no,Insulin,4.297994269340974,0.5078123289874541,0.05238783946449429,0.22009023894889948,0.19145216397714632,0.1803893533423171,0.2737467348568059,0.7321486518036323,0.44225542526397554,0.5174681421730793,0.04749093731529075
C1,no,Insulin,4.441260744985673,0.5077853916662701,0.052111818412688596,0.22008435120475545,0.19090019974360664,0.17971976734517092,0.2729088694172274,0.7323479543540206,0.4421786799762568,0.5186473385589851,0.047483097036672535
C1,no,Insulin,4.584527220630372,0.5077616970007072,0.05186600387431043,0.22007871544649746,0.19042532954624775,0.17915264523939275,0.27218731632907306,0.7325189782725996,0.44211181488183554,0.5196736450291022,0.047485658430885216
C1,no,Insulin,4.7277936962750715,0.507740989514839,0.05164721908794294,0.22007345274471338,0.1900167029538978,0.17867200140459846,0.2715658288578268,0.7326656750464554,0.4420533579678774,0.5205662780763064,0.047495761734969145
C1,no,Insulin,4.871060171919771,0.5077229860001725,0.05145260022926866,0.22006862734609411,0.18966501306037026,0.17826438106068904,0.271030438098535,0.7327914704721288,0.4420021114186488,0.5213421587646903,0.04751115624810697
C1,no,Insulin,5.014326647564469,0.5077073977299985,0.051279569241744614,0.22006426212603078,0.18936227682982257,0.1779184623077889,0.27056913813494704,0.7328993251361279,0.44195709137269573,0.5220161613297989,0.047530086789231055
C1,no,Insulin,5.1575931232091685,0.5076939411279094,0.05112580811789139,0.22006035616426298,0.1891016436700008,0.17762471586327994,0.2701716098015859,0.7329917934534217,0.4419174839571524,0.5226013454103865,0.047551198104914955
C1,no,Insulin,5.300859598853868,0.507682348261063,0.050989235166445136,0.22005689360537084,0.18887723172835577,0.17737511643463377,0.269828982368197,0.7330710751420364,0.44188260836478427,0.5231091620114097,0.047573455529590976
C1,no,Insulin,5.444126074498567,0.5076723791427394,0.050867983240811064,0.22005384357632451,0.18868398695772493,0.1771628960245107,0.2695336274963019,0.7331390587669248,0.44185188367499767,0.5235496347221763,0.04759607844135779
C1,no,Insulin,5.587392550143266,0.5076638157249644,0.050760379146597444,0.22005117046546405,0.1885175660611163,0.17698234705062738,0.2692789849625896,0.7331973656026441,0.4418248130978917,0.5239315313080353,0.047618489718052305
C1,no,Insulin,5.730659025787965,0.5076564657253457,0.05066492507623824,0.2200488401950536,0.1883742345411812,0.1768286510395038,0.26905941120762894,0.7332473852041588,0.44180096717026757,0.5242625116757134,0.04764027224214371
C1,no,Insulin,5.873925501432664,0.5076501602639301,0.05058028140516626,0.22004681463008627,0.18825078082688576,0.17669773805206657,0.26887005090616345,0.733290307778928,0.4417799706832467,0.5245492603236037,0.04766113490616784
C1,no,Insulin,6.017191977077363,0.5076447525450696,0.05050525101101102,0.22004505948738637,0.18814444200634767,0.17658616752374423,0.2687067254352138,0.7333271518382064,0.4417614946591415,0.5247976059298141,0.04768088456942483
C1,no,Insulin,6.160458452722063,0.507640114988502,0.05043876501062948,0.2200435416764772,0.188052840963934,0.17649102949162618,0.26856583835022685,0.7333587889713102,0.44174524884574246,0.5250126258868679,0.04769940389148177
C1,no,Insulin,6.303724928366762,0.5076361377662957,0.0503798695532677,0.2200422315360236,0.1879739313194754,0.17640985980345436,0.2684442923963795,0.7333859647780921,0.44173097630887226,0.5251987409815747,0.04771663308520371
C1,no,Insulin,6.446991404011461,0.5076327263463114,0.05032771411711769,0.22004110232072546,0.18790595133232163,0.17634057066195186,0.2683394200031746,0.7334093171303273,0.4417184490068258,0.5253597970384863,0.0477325556974596
C1,no,Insulin,6.59025787965616,0.5076297993942923,0.05028154140745814,0.22004012979620147,0.18784738658730463,0.1762813957890163,0.26824892695003316,0.7334293909255366,0.4417074644440685,0.525499133208542,0.04774718810799948
C1,no,Insulin,6.733524355300859,0.5076272873501686,0.0502406768371803,0.2200392928495075,0.18779693194117675,0.1762308348801679,0.26817083490338484,0.7334466526589795,0.4416978423089743,0.5256196521296476,0.04776056915120433
C1,no,Insulin,6.876790830945558,0.5076251307756213,0.050204519946445744,0.22003857304985724,0.18775346310137542,0.17618761375177477,0.2681034385373796,0.733461501599906,0.44168942212451545,0.5257238746820123,0.04777275353051564
C1,no,Insulin,7.020057306590258,0.5076232786193638,0.05017253650526191,0.2200379541769914,0.1877160115761644,0.17615064991587107,0.2680452677587792,0.7334742797269598,0.4416820611901239,0.5258139892115242,0.0477838065398918
C1,no,Insulin,7.163323782234957,0.5076216872519551,0.05014425172100901,0.2200374221615583,0.1876837437457954,0.17611902403506421,0.2679950561184736,0.7334852796551236,0.4416756327023689,0.5258918928808894,0.04779379992207973
C1,no,Insulin,7.306590257879655,0.5076203194401105,0.050119243926533365,0.2200369648479892,0.18765594222721282,0.17609195501907784,0.26795171269008744,0.7334947517591994,0.44167002408503453,0.5259592291900628,0.04780280858588233
C1,no,Insulin,7.449856733524355,0.5076191433769195,0.05009713868041454,0.2200365717629203,0.18763198898039607,0.1760687777850351,0.267914296600805,0.7335029106261405,0.4416651354640216,0.5260174224065377,0.04781090789721861
C1,no,Insulin,7.593123209169054,0.507618131756475,0.050077603204032435,0.2200362338426104,0.18761135067158008,0.17604892482132015,0.26788199500538007,0.7335099406188907,0.4416608783024446,0.5260677084442641,0.0478181720081389
C1,no,Insulin,7.736389684813753,0.5076172612391241,0.0500603423141981,0.22003594329360077,0.18759356832349924,0.1760319132899959,0.2678541075022789,0.733515999695967,0.4416571743423132,0.5261111568271855,0.04782467284821202
C1,no,Insulin,7.8796561604584525,0.5076165118394693,0.050045094014714325,0.22003569341398088,0.18757824616072485,0.17601733110326245,0.2678300293195423,0.7335212235302467,0.44165395441093314,0.526148694316198,0.04783047905448028
C1,no,Insulin,8.022922636103152,0.5076158665452358,0.05003162662882231,0.22003547847735183,0.18756504473449717,0.17600482856855468,0.26780924095858366,0.7335257280242492,0.4416511576474688,0.526181119736004,0.04783565552028815
C1,no,Insulin,8.166189111747851,0.5076153106905231,0.05001973412295224,0.22003529353985635,0.1875536700782057,0.17599410546305594,0.26779129187558853,0.7335296132790541,0.4416487302720273,0.5262091276644502,0.04784026289907646
C1,no,Insulin,8.30945558739255,0.5076148318240002,0.05000923496932326,0.22003513440132763,0.18754387108737142,0.17598490786946971,0.2677757965218448,0.7335329645394286,0.4416466252640099,0.5262333140995571,0.04784435747913746
C1,no,Insulin,8.452722063037248,0.5076144191207693,0.049999967286704416,0.22003499742125063,0.1875354288685662,0.17597701575110644,0.26776241828747827,0.7335358560338584,0.4416448010389226,0.5262542000211677,0.04784799102359889
C1,no,Insulin,8.595988538681947,0.5076140630941652,0.04999178639606181,0.22003487942028976,0.18752815125067443,0.17597023649702492,0.2677508612579143,0.7335383529384009,0.44164322078361923,0.5262722434421669,0.047851210610944765
C1,no,Insulin,8.739255014326647,0.5076137560325427,0.04998456695224746,0.2200347777765136,0.18752188016454832,0.17596441514615557,0.26774088136619434,0.7335405084897976,0.4416418529873168,0.5262878248661975,0.04785406035912061
C1,no,Insulin,8.882521489971346,0.5076134911522737,0.04997819687288926,0.2200346901902207,0.18751647655766462,0.17595941562606404,0.267732263614841,0.7335423695707709,0.4416406698007871,0.5263012793455162,0.04785658009641541
C1,no,Insulin,9.025787965616045,0.507613262639144,0.04997257720794329,0.22003461469291558,0.18751182105873734,0.17595512195206123,0.26772482304556394,0.7335439764053949,0.4416396469607973,0.5263128954614228,0.04785880588290924
C1,no,Insulin,9.169054441260744,0.5076130654576941,0.04996762021347529,0.2200345495938421,0.1875078100943708,0.1759514337909956,0.2677183988676026,0.7335453639071294,0.4416387632043548,0.5263229239731589,0.04786077011264734
C1,no,Insulin,9.312320916905444,0.5076128952445652,0.04996324814313133,0.2200344934600791,0.1875043537022629,0.1759482639622626,0.26771285110612864,0.7335465624280182,0.4416379998688116,0.526331582666329,0.04786250167066361
C1,no,Insulin,9.455587392550143,0.5076127483010885,0.0499593928615431,0.22003444507295183,0.1875013754638235,0.1759455390112911,0.2677080605794361,0.733547597748068,0.44163734089675605,0.5263390572691938,0.04786402644575522
C1,no,Insulin,9.598853868194842,0.5076126214244353,0.04995599336265256,0.22003440333760546,0.1874988090052636,0.17594319618888876,0.26770392365182216,0.7335484922116712,0.4416367721977147,0.526345510349969,0.0478653683634867
C1,no,Insulin,9.742120343839542,0.5076125118652361,0.04995299624121286,0.22003436732911658,0.18749659761140047,0.17594118182202553,0.26770035151339344,0.7335492649976723,0.44163628166837365,0.5263510808227733,0.047866548431159325
C1,no,Insulin,9.885386819484241,0.5076124172309575,0.049950354132066895,0.22003433622718496,0.1874946921465254,0.17593944973660222,0.2676972670984747,0.7335499327693052,0.4416358588139418,0.5263558894884478,0.047867585501847755
C1,no,Insulin,10.028653295128938,0.5076123354586969,0.04994802502023104,0.22003430934097368,0.18749304999800198,0.17593795997018408,0.2676946034240704,0.7335505099531994,0.4416354944041786,0.5263600412126808,0.047868496400192743
C1,no,Insulin,10.171919770773638,0.507612264805905,0.0499459721642335,0.22003428612502904,0.18749163483910603,0.17593667829082787,0.2676923031865415,0.7335510088217166,0.4416351803950741,0.526363625190068,0.04786929581564193
C1,no,Insulin,10.315186246418337,0.507612203794703,0.04994416343798344,0.22003426610731275,0.18749041590218682,0.1759355759828984,0.26769031773979696,0.7335514397818057,0.4416349099449111,0.5263667173486316,0.04786999676828634
C1,no,Insulin,10.458452722063036,0.5076121510828236,0.04994256950622245,0.2200342488415217,0.18748936534623153,0.17593462722408032,0.26768860306999165,0.7335518122549245,0.4416346769278284,0.5263693866389474,0.047870611196677716
C1,no,Insulin,10.601719197707736,0.5076121055791406,0.04994116547283487,0.220034233966373,0.1874884605746676,0.17593381120331866,0.2676871232993949,0.7335521339164428,0.4416344763183159,0.5263716892504805,0.047871149335828846
C1,no,Insulin,10.744985673352435,0.5076120662499155,0.04993992838253593,0.22003422111950485,0.1874876807354732,0.17593310868110273,0.2676858453189895,0.7335524119829017,0.4416343036041645,0.5263736770522538,0.04787162056147386
C1,no,Insulin,10.888252148997134,0.5076120322518408,0.04993883880056134,0.2200342099995814,0.18748700895463008,0.17593250421917664,0.2676847422232618,0.733552652341284,0.4416341551308154,0.5263753922350707,0.047872032877199766
C1,no,Insulin,11.031518624641834,0.5076120028462511,0.049937878959673755,0.22003420036939045,0.1874864299235078,0.1759319837405112,0.2676837895772109,0.733552860240035,0.4416340274441528,0.5263768729392967,0.04787239356797083
C1,no,Insulin,11.174785100286533,0.5076119774309609,0.04993703369186621,0.22003419204155744,0.18748593108532216,0.17593153574044773,0.26768296725649227,0.7335530399902225,0.4416339176657244,0.5263781505235512,0.047872708866353635
C1,no,Insulin,11.318051575931232,0.507611955465013,0.04993628927474809,0.22003418484644227,0.18748550121064533,0.1759311499718875,0.26768225725785294,0.7335531954047362,0.4416338232460229,0.5263792531111593,0.04787298440827821
C1,no,Insulin,11.46131805157593,0.5076119364938004,0.04993563377091092,0.22003417864584202,0.18748513081162785,0.1759308178138152,0.26768164433378633,0.7335533296651162,0.4416337420178247,0.5263802045331285,0.047873225094654595
C1,no,Insulin,11.604584527220629,0.5076119201106837,0.04993505662371233,0.22003417330668315,0.18748481168597966,0.1759305318238508,0.2676811152667324,0.7335534456056103,0.44163367214688304,0.5263810254372131,0.047873435247153366
C1,no,Insulin,11.747851002865328,0.5076119059419298,0.04993454843976353,0.2200341686938764,0.18748453665154668,0.17593028549123382,0.26768065845925115,0.7335535458055839,0.4416336120880608,0.5263817339466548,0.047873618693828494
C1,no,Insulin,11.891117478510028,0.5076118936821223,0.049934101112696846,0.22003416469875614,0.18748429972426442,0.1759300734077928,0.26768026421645214,0.73355363241637,0.44163356053235125,0.5263823451938648,0.04787377872902017
C1,no,Insulin,12.034383954154727,0.5076118830749262,0.04993370726722918,0.22003416123521316,0.1874840955001723,0.1759298906785764,0.26767992378115646,0.7335537073675202,0.44163351624057995,0.5263828728086642,0.04787391833838679
C1,no,Insulin,12.177650429799426,0.507611873907148,0.049933360607941686,0.22003415823018355,0.187483919544778,0.17592973330202755,0.2676796299390481,0.7335537722532383,0.4416334782045002,0.5263833280181822,0.047874040057460134
C1,no,Insulin,12.320916905444125,0.5076118659791323,0.049933055276537804,0.22003415562153683,0.18748376772434477,0.17592959755309892,0.2676793759733536,0.7335538284731559,0.44163344548621314,0.5263837213009617,0.04787414624165696
C1,no,Insulin,12.464183381088825,0.5076118591465275,0.04993278655996339,0.22003415336483462,0.18748363693160675,0.17592948064399413,0.26767915680072224,0.7335538770926979,0.44163341736432454,0.526384060565647,0.047874238766691904
C1,no,Insulin,12.607449856733524,0.5076118532840963,0.04993255037411697,0.2200341514237339,0.18748352456071704,0.1759293802409362,0.26767896814410885,0.7335539189969903,0.44163339323750744,0.5263843524629649,0.04787431924535988
C1,no,Insulin,12.750716332378223,0.5076118482233882,0.049932342457408366,0.22003414975028912,0.1874834276912518,0.17592929370795315,0.26767880524194865,0.7335539551835182,0.4416333724841709,0.526384604419025,0.047874389364505075
C1,no,Insulin,12.893982808022923,0.507611843840759,0.049932159503481816,0.22003414831300447,0.18748334423401616,0.17592921916916762,0.2676786646611515,0.733553986346792,0.44163335465872694,0.5263848217806655,0.04787445041185052
C1,no,Insulin,13.03724928366762,0.5076118400321883,0.04993199867954977,0.2200341470856231,0.18748327246336893,0.17592915507717738,0.2676785435553435,0.7335540130760888,0.44163333939653954,0.5263850089757816,0.047874503478933204
C1,no,Insulin,13.18051575931232,0.5076118367085227,0.04993185709860673,0.22003414603618193,0.18748321054123476,0.17592909977758672,0.2676784389065003,0.7335540361115308,0.44163332628815316,0.5263851706848867,0.047874549686696036
C1,no,Insulin,13.323782234957019,0.5076118337982434,0.049931732492950895,0.2200341451407854,0.1874831571192505,0.17592905205929885,0.2676783484848485,0.7335540560115975,0.4416333150429198,0.5263853103604973,0.047874589897137616
C1,no,Insulin,13.467048710601718,0.5076118312497091,0.04993162293838304,0.22003414437725777,0.1874831111035125,0.17592901094281838,0.2676782704739515,0.7335540732503618,0.4416333054231108,0.5263854308120642,0.04787462483271123
C1,no,Insulin,13.610315186246417,0.5076118290411415,0.049931526488225283,0.22003414371525165,0.18748307136589276,0.17592897542764147,0.2676782030108828,0.7335540882657742,0.44163329715879984,0.5263855349378256,0.04787465523750792
C1,no,Insulin,13.753581661891117,0.507611827167461,0.04993144161797278,0.22003414312848213,0.18748303709131267,0.17592894479499072,0.2676781447393391,0.7335541014129097,0.4416332900509352,0.5263856248421759,0.047874681681021235
C1,no,Insulin,13.896848137535816,0.5076118256315237,0.04993136677445288,0.22003414258911316,0.1874830074559903,0.17592891831989585,0.26767809428742856,0.7335541130803735,0.44163328389512796,0.5263857026516559,0.0478747047433485
C1,no,Insulin,14.040114613180515,0.5076118243415703,0.049931301385710156,0.2200341420986092,0.18748298219723822,0.1759288957569404,0.2676780512091867,0.7335541230945671,0.4416332786674853,0.5263857690683201,0.047874724612193546
C1,no,Insulin,14.183381088825215,0.5076118232613529,0.04993124367927754,0.22003414163274532,0.18748296031042938,0.17592887621122164,0.2676780138395353,0.7335541318472216,0.4416332741391483,0.5263858266763572,0.047874741955958665
C1,no,Insulin,14.326647564469914,0.5076118223323846,0.0499311929598173,0.22003414119242218,0.18748294147693706,0.1759288593941929,0.2676779816385822,0.7335541393078562,0.44163327025377624,0.5263858763161685,0.04787475701214988
C1,no,Insulin,14.469914040114613,0.5076118214917339,0.04993114841796495,0.22003414080674555,0.18748292527691568,0.17592884492352723,0.2676779539018067,0.733554145604818,0.4416332669203425,0.5263859190666631,0.04787477006694789
C1,no,Insulin,14.61318051575931,0.5076118206787342,0.04993110930246704,0.22003414049044712,0.18748291134210343,0.17592883246469068,0.2676779300085873,0.7335541507855114,0.4416332640654974,0.5263859558852002,0.04787478138172747
C1,no,Insulin,14.75644699140401,0.5076118198331112,0.0499310748721262,0.22003414025577117,0.18748289931316506,0.1759288216914197,0.267677909352821,0.7335541548833338,0.4416332616189501,0.5263859877081049,0.04787479121357077
C1,no,Insulin,14.89971346704871,0.5076118189590846,0.04993104455441467,0.22003414011445616,0.18748288891872178,0.1759288123631282,0.2676778914782375,0.7335541580474889,0.4416332595188932,0.5263860152391513,0.047874799759932
C1,no,Insulin,15.042979942693409,0.5076118181361573,0.049931017973690046,0.22003414007765015,0.1874828799900651,0.1759288043392399,0.26767787610346394,0.7335541605623607,0.4416332577134215,0.5263860389106607,0.04787480714866259
C1,no,Insulin,15.186246418338108,0.5076118173793982,0.04993099458579733,0.2200341401570065,0.18748287227061183,0.17592879739358092,0.26767786279743405,0.7335541625966336,0.4416332561421545,0.5263860593872887,0.047874813567186404
C1,no,Insulin,15.329512893982807,0.5076118167044787,0.049930973853071194,0.2200341403620779,0.1874828655074855,0.17592879130329767,0.26767785113518994,0.7335541643180695,0.44163325474614873,0.5263860773243775,0.04787481920050735
C1,no,Insulin,15.472779369627506,0.5076118161795311,0.04993095556970131,0.2200341406189642,0.1874828596336397,0.17592878601504916,0.26767784100017233,0.7335541659091939,0.4416332535271478,0.5263860929052357,0.04787482411133039
C1,no,Insulin,15.616045845272206,0.5076118158731383,0.049930939532731686,0.22003414085304743,0.18748285458362635,0.17592878147695235,0.26767783227847425,0.7335541675526591,0.44163325248741725,0.5263861063091123,0.047874828361308575
C1,no,Insulin,15.759312320916905,0.5076118158355393,0.04993092542316325,0.22003414101889152,0.18748285022701633,0.17592877757784914,0.2676778247483481,0.7335541694259552,0.4416332516080017,0.5263861178803164,0.04787483205486044
C1,no,Insulin,15.902578796561604,0.5076118157882348,0.049930911840551234,0.22003414079080832,0.18748284601307588,0.1759287738125026,0.26767781745727237,0.7335541716333328,0.4416332508155701,0.5263861290798622,0.04787483562943473
C1,no,Insulin,16.045845272206304,0.5076118163922081,0.049930901655074744,0.22003414085910222,0.18748284306656868,0.17592877121950004,0.2676778123536261,0.7335541740831318,0.4416332502586258,0.5263861369225716,0.04787483819227921
C1,no,Insulin,16.189111747851,0.5076118169413929,0.049930892383973045,0.22003414059267948,0.18748284042043675,0.17592876889580397,0.26767780775766886,0.7335541766730004,0.44163324981137103,0.526386143977079,0.047874840510000904
C1,no,Insulin,16.332378223495702,0.5076118174357892,0.04993088402724614,0.22003413999154003,0.18748283807468014,0.1759287668414144,0.2676778036694008,0.7335541794029385,0.44163324947380556,0.5263861502433841,0.0478748425825998
C1,no,Insulin,16.4756446991404,0.5076118176645102,0.04993087660612672,0.22003413935155533,0.18748283603577565,0.17592876504722235,0.2676778001065935,0.7335541816117397,0.4416332491800722,0.5263861557014805,0.047874844397700046
C1,no,Insulin,16.6189111747851,0.5076118172636458,0.049930870143471584,0.22003413924621482,0.18748283430849397,0.17592876349054978,0.26767779709068984,0.7335541820806584,0.44163324880603116,0.5263861603325353,0.04787484593766425
C1,no,Insulin,16.7621776504298,0.5076118168151728,0.04993086447534265,0.22003413933717816,0.18748283282605754,0.17592876214345862,0.2676777945021691,0.7335541820440425,0.44163324845361174,0.5263861643115711,0.047874847265077104
C1,no,Insulin,16.905444126074496,0.5076118164840591,0.0499308594935143,0.22003413941800118,0.1874828315489857,0.1759287609831405,0.2676777922692372,0.7335541820533477,0.4416332481606014,0.5263861677422381,0.04787484841564805
C1,no,Insulin,17.048710601719197,0.5076118162756807,0.049930855117799385,0.22003413941328986,0.1874828304497616,0.17592875998804453,0.267677790343083,0.7335541822638374,0.441633247930206,0.5263861706971908,0.04787484941281758
C1,no,Insulin,17.191977077363894,0.5076118161010887,0.049930851129190094,0.22003413939894842,0.18748282945795183,0.1759287590907343,0.2676777886039865,0.7335541824869671,0.44163324772589324,0.5263861733644164,0.047874850315041295
C1,no,Insulin,17.335243553008596,0.5076118159126768,0.04993084729033643,0.22003413942328903,0.18748282849907272,0.17592875822141069,0.26767778692404853,0.7335541826108684,0.4416332475209248,0.5263861759427504,0.047874851185534015
C1,no,Insulin,17.478510028653293,0.5076118157603505,0.04993084386278897,0.2200341394348509,0.1874828276551056,0.17592875745681769,0.2676777854441124,0.7335541827539745,0.44163324734409243,0.5263861782133399,0.047874851954642576
C1,no,Insulin,17.621776504297994,0.50761181564411,0.04993084084654772,0.2200341394336341,0.18748282692605045,0.1759287567969553,0.26767778416417826,0.7335541829162858,0.4416332471953961,0.5263861801761849,0.04787485262236698
C1,no,Insulin,17.76504297994269,0.5076118155639551,0.04993083824161267,0.22003413941963854,0.18748282631190732,0.17592875624182353,0.26767778308424606,0.7335541830978021,0.4416332470748358,0.5263861818312854,0.047874853188707225
C1,no,Insulin,17.908309455587393,0.5076118155198858,0.04993083604798383,0.2200341393928643,0.18748282581267617,0.17592875579142236,0.26767778220431576,0.7335541832985235,0.44163324698241163,0.5263861831786413,0.04787485365366331
C1,no,Insulin,18.05157593123209,0.5076118155119023,0.0499308342656612,0.22003413935331134,0.187482825428357,0.17592875544575184,0.26767778152438737,0.7335541835184499,0.4416332469181235,0.5263861842182528,0.04787485401723524
C1,no,Insulin,18.19484240687679,0.5076118155215321,0.049930832756389855,0.2200341393102341,0.18748282511701045,0.17592875516633216,0.26767778097188555,0.7335541837361951,0.4416332468702475,0.5263861850621063,0.04787485431557601
C1,no,Insulin,18.33810888252149,0.5076118154823785,0.049930831023227186,0.22003413929689666,0.18748282472788969,0.17592875481485207,0.26767778028594547,0.7335541838748882,0.44163324679664345,0.5263861861127261,0.04787485467863368
C1,no,Insulin,18.481375358166186,0.5076118154551034,0.04993082952019165,0.22003413928290816,0.18748282439872052,0.17592875451767603,0.26767777970489925,0.7335541840047604,0.4416332467358116,0.5263861870023567,0.04787485498768464
C1,no,Insulin,18.624641833810887,0.5076118154397063,0.04993082824728325,0.22003413926826862,0.18748282412950296,0.175928754274804,0.267677779228747,0.7335541841258114,0.441633246687752,0.5263861877309981,0.04787485524272888
C1,no,Insulin,18.767908309455585,0.5076118154361876,0.04993082720450199,0.22003413925297802,0.187482823920237,0.17592875408623604,0.26767777885748867,0.7335541842380414,0.4416332466524647,0.5263861882986502,0.04787485544376641
C1,no,Insulin,18.911174785100286,0.5076118154445471,0.04993082639184786,0.22003413923703638,0.18748282377092265,0.17592875395197208,0.26767777859112424,0.7335541843414503,0.44163324662994957,0.5263861887053131,0.04787485559079723
C1,no,Insulin,19.054441260744984,0.507611815464785,0.049930825809320865,0.22003413922044368,0.1874828236815599,0.17592875387201218,0.2676777784296537,0.7335541844360381,0.44163324662020675,0.5263861889509868,0.04787485568382134
C1,no,Insulin,19.197707736389685,0.5076118154492615,0.049930822815852094,0.2200341391682738,0.1874828230374889,0.17592875329217286,0.26767777729017656,0.7335541847778524,0.4416332465106022,0.5263861906938011,0.04787485629389336
C1,no,Insulin,19.340974212034382,0.5076118154631983,0.04993082286243659,0.2200341391684384,0.1874828230799369,0.17592875333048139,0.26767777736259163,0.7335541847806393,0.4416332465209331,0.5263861905822103,0.047874856260593596
C1,no,Insulin,19.484240687679083,0.5076118154771351,0.04993082290902109,0.22003413916860295,0.1874828231223849,0.1759287533687899,0.26767777743500676,0.733554184783426,0.44163324653126407,0.5263861904706194,0.04787485622729383
C1,no,Insulin,19.62750716332378,0.5076118154910718,0.04993082295560558,0.22003413916876755,0.18748282316483292,0.17592875340709843,0.2676777775074219,0.7335541847862129,0.441633246541595,0.5263861903590286,0.04787485619399406
C1,no,Insulin,19.770773638968482,0.5076118155050087,0.049930823002190074,0.22003413916893214,0.18748282320728094,0.17592875344540695,0.26767777757983696,0.7335541847889998,0.44163324655192593,0.5263861902474377,0.04787485616069429
C1,no,Insulin,19.91404011461318,0.5076118155189454,0.049930823048774574,0.22003413916909673,0.18748282324972895,0.17592875348371548,0.2676777776522521,0.7335541847917866,0.4416332465622569,0.5263861901358469,0.047874856127394526
C1,no,Insulin,20.057306590257877,0.5076118155328821,0.04993082309535907,0.22003413916926132,0.18748282329217697,0.175928753522024,0.2676777777246672,0.7335541847945735,0.44163324657258785,0.526386190024256,0.04787485609409476
C1,no,Insulin,20.200573065902578,0.507611815546819,0.04993082314194357,0.2200341391694259,0.187482823334625,0.17592875356033255,0.26767777779708235,0.7335541847973603,0.44163324658291875,0.5263861899126652,0.04787485606079499
C1,no,Insulin,20.343839541547275,0.5076118155498541,0.049930823160472156,0.22003413916988857,0.18748282334987434,0.17592875357403073,0.2676777778232588,0.7335541847950494,0.4416332465862449,0.5263861898723918,0.04787485604842306
C1,no,Insulin,20.487106017191977,0.507611815552495,0.04993082317798609,0.22003413917036202,0.18748282336414004,0.17592875358683888,0.26767777784776303,0.7335541847925541,0.44163324658931774,0.5263861898346976,0.04787485603680799
C1,no,Insulin,20.630372492836674,0.5076118155551359,0.04993082319550003,0.22003413917083545,0.18748282337840574,0.17592875359964705,0.26767777787226726,0.7335541847900587,0.44163324659239056,0.5263861897970036,0.04787485602519292
C1,no,Insulin,20.773638968481375,0.5076118155577768,0.049930823213013974,0.2200341391713089,0.18748282339267144,0.1759287536124552,0.2676777778967715,0.7335541847875634,0.4416332465954634,0.5263861897593095,0.04787485601357785
C1,no,Insulin,20.916905444126073,0.5076118155604178,0.049930823230527915,0.22003413917178233,0.18748282340693714,0.17592875362526333,0.26767777792127573,0.7335541847850681,0.4416332465985362,0.5263861897216153,0.04787485600196277
C1,no,Insulin,21.060171919770774,0.5076118155630587,0.04993082324804185,0.22003413917225578,0.18748282342120284,0.1759287536380715,0.26767777794577996,0.7335541847825728,0.441633246601609,0.5263861896839213,0.0478748559903477
C1,no,Insulin,21.20343839541547,0.5076118155656996,0.04993082326555579,0.2200341391727292,0.18748282343546854,0.17592875365087965,0.2676777779702842,0.7335541847800775,0.44163324660468184,0.5263861896462271,0.04787485597873263
C1,no,Insulin,21.346704871060172,0.5076118155683405,0.049930823283069733,0.22003413917320266,0.18748282344973424,0.1759287536636878,0.2676777779947884,0.7335541847775822,0.4416332466077546,0.526386189608533,0.04787485596711756
C1,no,Insulin,21.48997134670487,0.5076118155709813,0.049930823300583675,0.2200341391736761,0.18748282346399994,0.17592875367649596,0.26767777801929266,0.7335541847750868,0.4416332466108274,0.5263861895708389,0.04787485595550249
C1,no,Insulin,21.633237822349567,0.5076118155736222,0.04993082331809761,0.22003413917414955,0.18748282347826564,0.1759287536893041,0.26767777804379694,0.7335541847725915,0.44163324661390024,0.5263861895331448,0.047874855943887414
C1,no,Insulin,21.77650429799427,0.5076118155762632,0.04993082333561155,0.22003413917462297,0.18748282349253134,0.17592875370211225,0.2676777780683012,0.7335541847700963,0.44163324661697306,0.5263861894954507,0.047874855932272344
C1,no,Insulin,21.919770773638966,0.5076118155789041,0.04993082335312549,0.22003413917509643,0.18748282350679704,0.1759287537149204,0.2676777780928054,0.7335541847676009,0.4416332466200459,0.5263861894577565,0.047874855920657274
C1,no,Insulin,22.063037249283667,0.507611815581545,0.049930823370639435,0.22003413917556985,0.18748282352106274,0.17592875372772857,0.26767777811730964,0.7335541847651056,0.4416332466231187,0.5263861894200624,0.047874855909042204
C1,no,Insulin,22.206303724928365,0.5076118155827312,0.04993082338052976,0.22003413917583275,0.18748282352873827,0.17592875373461414,0.2676777781305269,0.7335541847633797,0.4416332466247292,0.5263861893997396,0.047874855902704516
C1,no,Insulin,22.349570200573066,0.5076118155832813,0.0499308233870871,0.22003413917600356,0.1874828235335326,0.17592875373891043,0.26767777813880966,0.7335541847619903,0.44163324662570036,0.5263861893870114,0.04787485589867405
C1,no,Insulin,22.492836676217763,0.5076118155838314,0.04993082339364444,0.22003413917617437,0.18748282353832696,0.1759287537432067,0.26767777814709237,0.7335541847606009,0.4416332466266715,0.5263861893742833,0.047874855894643596
C1,no,Insulin,22.636103151862464,0.5076118155843815,0.04993082340020178,0.22003413917634518,0.1874828235431213,0.175928753747503,0.2676777781553751,0.7335541847592114,0.4416332466276427,0.5263861893615552,0.04787485589061314
C1,no,Insulin,22.77936962750716,0.5076118155849316,0.049930823406759126,0.22003413917651599,0.18748282354791562,0.17592875375179928,0.26767777816365784,0.733554184757822,0.44163324662861386,0.5263861893488271,0.047874855886582676
C1,no,Insulin,22.92263610315186,0.5076118155854817,0.049930823413316464,0.2200341391766868,0.18748282355270998,0.17592875375609557,0.26767777817194055,0.7335541847564326,0.44163324662958503,0.5263861893360989,0.04787485588255222
C1,no,Insulin,23.06590257879656,0.5076118155860319,0.04993082341987381,0.2200341391768576,0.1874828235575043,0.17592875376039185,0.26767777818022326,0.7335541847550432,0.4416332466305562,0.5263861893233708,0.04787485587852176
C1,no,Insulin,23.209169054441258,0.507611815586582,0.04993082342643115,0.2200341391770284,0.18748282356229864,0.17592875376468814,0.26767777818850597,0.7335541847536537,0.44163324663152737,0.5263861893106426,0.0478748558744913
C1,no,Insulin,23.35243553008596,0.5076118155871321,0.04993082343298849,0.22003413917719922,0.18748282356709298,0.17592875376898442,0.26767777819678873,0.7335541847522643,0.44163324663249853,0.5263861892979145,0.04787485587046084
C1,no,Insulin,23.495702005730656,0.5076118155876822,0.049930823439545836,0.22003413917737003,0.18748282357188734,0.1759287537732807,0.26767777820507144,0.7335541847508749,0.4416332466334697,0.5263861892851863,0.04787485586643039
C1,no,Insulin,23.638968481375358,0.5076118155882322,0.049930823446103174,0.22003413917754083,0.18748282357668167,0.175928753777577,0.26767777821335415,0.7335541847494854,0.4416332466344409,0.5263861892724582,0.04787485586239992
C1,no,Insulin,23.782234957020055,0.5076118155887823,0.04993082345266052,0.22003413917771164,0.187482823581476,0.17592875378187328,0.2676777782216369,0.733554184748096,0.4416332466354121,0.52638618925973,0.04787485585836947
C1,no,Insulin,23.925501432664756,0.5076118155893324,0.04993082345921786,0.22003413917788245,0.18748282358627036,0.17592875378616957,0.2676777782299196,0.7335541847467065,0.44163324663638326,0.5263861892470019,0.04787485585433901
C1,no,Insulin,24.068767908309454,0.5076118155896557,0.049930823463139005,0.22003413917798337,0.18748282358912066,0.17592875378872377,0.267677778234845,0.7335541847458736,0.44163324663695985,0.5263861892394331,0.04787485585193947
C1,no,Insulin,24.212034383954155,0.5076118155896738,0.049930823463515406,0.22003413917799033,0.18748282358935695,0.17592875378893558,0.2676777782352561,0.7335541847457894,0.44163324663700587,0.5263861892388021,0.04787485585173294
C1,no,Insulin,24.355300859598852,0.5076118155896919,0.049930823463891806,0.22003413917799727,0.18748282358959323,0.17592875378914738,0.2676777782356673,0.733554184745705,0.44163324663705195,0.5263861892381709,0.04787485585152642
C1,no,Insulin,24.49856733524355,0.50761181558971,0.049930823464268206,0.22003413917800424,0.1874828235898295,0.17592875378935918,0.2676777782360784,0.7335541847456207,0.44163324663709796,0.5263861892375399,0.04787485585131989
C1,no,Insulin,24.64183381088825,0.507611815589728,0.04993082346464461,0.2200341391780112,0.1874828235900658,0.17592875378957099,0.2676777782364895,0.7335541847455364,0.441633246637144,0.5263861892369087,0.04787485585111336
C1,no,Insulin,24.78510028653295,0.5076118155897461,0.04993082346502101,0.22003413917801815,0.18748282359030205,0.1759287537897828,0.2676777782369007,0.7335541847454521,0.44163324663719006,0.5263861892362777,0.04787485585090683
C1,no,Insulin,24.92836676217765,0.5076118155897642,0.04993082346539741,0.2200341391780251,0.18748282359053833,0.17592875378999462,0.2676777782373118,0.7335541847453677,0.4416332466372361,0.5263861892356465,0.0478748558507003
C1,no,Insulin,25.071633237822347,0.5076118155897823,0.049930823465773815,0.22003413917803208,0.18748282359077462,0.17592875379020642,0.26767777823772293,0.7335541847452834,0.44163324663728215,0.5263861892350155,0.047874855850493774
C1,no,Insulin,25.214899713467048,0.5076118155898004,0.049930823466150215,0.22003413917803902,0.1874828235910109,0.17592875379041822,0.2676777782381341,0.7335541847451991,0.44163324663732817,0.5263861892343843,0.047874855850287244
C1,no,Insulin,25.358166189111746,0.5076118155898184,0.049930823466526615,0.22003413917804598,0.18748282359124718,0.17592875379063003,0.2676777782385452,0.7335541847451147,0.44163324663737424,0.5263861892337532,0.04787485585008072
C1,no,Insulin,25.501432664756447,0.5076118155898365,0.049930823466903015,0.22003413917805292,0.18748282359148347,0.17592875379084183,0.26767777823895633,0.7335541847450304,0.44163324663742026,0.5263861892331221,0.04787485584987419
C1,no,Insulin,25.644699140401144,0.5076118155898546,0.049930823467279416,0.2200341391780599,0.18748282359171972,0.17592875379105363,0.2676777782393675,0.733554184744946,0.44163324663746634,0.526386189232491,0.047874855849667663
C1,no,Insulin,25.787965616045845,0.5076118155898727,0.049930823467655816,0.22003413917806686,0.187482823591956,0.17592875379126544,0.2676777782397786,0.7335541847448618,0.44163324663751236,0.52638618923186,0.047874855849461134
C1,no,Insulin,25.931232091690543,0.5076118155898908,0.049930823468032216,0.2200341391780738,0.1874828235921923,0.17592875379147724,0.26767777824018973,0.7335541847447774,0.44163324663755843,0.5263861892312288,0.047874855849254605
C1,no,Insulin,26.07449856733524,0.5076118155899088,0.049930823468408624,0.22003413917808076,0.18748282359242857,0.17592875379168904,0.2676777782406009,0.7335541847446931,0.44163324663760445,0.5263861892305978,0.047874855849048076
C1,no,Insulin,26.21776504297994,0.5076118155899269,0.049930823468785024,0.22003413917808773,0.18748282359266485,0.17592875379190084,0.267677778241012,0.7335541847446088,0.4416332466376505,0.5263861892299666,0.04787485584884155
C1,no,Insulin,26.36103151862464,0.507611815589945,0.049930823469161424,0.22003413917809467,0.1874828235929011,0.17592875379211267,0.26767777824142314,0.7335541847445245,0.44163324663769654,0.5263861892293356,0.047874855848635024
C1,no,Insulin,26.50429799426934,0.507611815589963,0.049930823469537824,0.22003413917810163,0.1874828235931374,0.17592875379232448,0.26767777824183425,0.7335541847444401,0.4416332466377426,0.5263861892287044,0.047874855848428495
C1,no,Insulin,26.647564469914037,0.5076118155899811,0.049930823469914225,0.2200341391781086,0.18748282359337368,0.17592875379253628,0.2676777782422454,0.7335541847443557,0.44163324663778863,0.5263861892280733,0.047874855848221966
C1,no,Insulin,26.79083094555874,0.5076118155899991,0.049930823470290625,0.22003413917811554,0.18748282359360996,0.17592875379274808,0.26767777824265654,0.7335541847442715,0.4416332466378347,0.5263861892274422,0.04787485584801544
C1,no,Insulin,26.934097421203436,0.5076118155900172,0.04993082347066703,0.2200341391781225,0.18748282359384624,0.17592875379295989,0.26767777824306765,0.7335541847441871,0.4416332466378807,0.5263861892268111,0.04787485584780891
C1,no,Insulin,27.077363896848137,0.5076118155900353,0.04993082347104343,0.22003413917812947,0.18748282359408253,0.1759287537931717,0.2676777782434788,0.7335541847441028,0.4416332466379268,0.52638618922618,0.04787485584760238
C1,no,Insulin,27.220630372492835,0.5076118155900534,0.04993082347141983,0.2200341391781364,0.18748282359431878,0.1759287537933835,0.26767777824388994,0.7335541847440185,0.4416332466379728,0.5263861892255489,0.04787485584739585
C1,no,Insulin,27.363896848137536,0.5076118155900715,0.04993082347179623,0.22003413917814338,0.18748282359455506,0.1759287537935953,0.26767777824430106,0.7335541847439342,0.4416332466380189,0.5263861892249178,0.047874855847189327
C1,no,Insulin,27.507163323782233,0.5076118155900895,0.049930823472172634,0.22003413917815032,0.18748282359479135,0.1759287537938071,0.26767777824471223,0.7335541847438498,0.4416332466380649,0.5263861892242867,0.0478748558469828
C1,no,Insulin,27.65042979942693,0.5076118155901076,0.049930823472549034,0.22003413917815728,0.18748282359502763,0.1759287537940189,0.26767777824512334,0.7335541847437655,0.44163324663811093,0.5263861892236557,0.04787485584677627
C1,no,Insulin,27.793696275071632,0.5076118155901257,0.049930823472925434,0.22003413917816425,0.18748282359526391,0.17592875379423073,0.26767777824553446,0.7335541847436812,0.441633246638157,0.5263861892230245,0.04787485584656974
C1,no,Insulin,27.93696275071633,0.5076118155901438,0.04993082347330184,0.2200341391781712,0.1874828235955002,0.17592875379444253,0.26767777824594563,0.7335541847435968,0.441633246638203,0.5263861892223934,0.04787485584636321
C1,no,Insulin,28.08022922636103,0.5076118155901619,0.04993082347367824,0.22003413917817816,0.18748282359573645,0.17592875379465434,0.26767777824635675,0.7335541847435125,0.4416332466382491,0.5263861892217623,0.04787485584615668
C1,no,Insulin,28.223495702005728,0.5076118155901799,0.04993082347405464,0.22003413917818512,0.18748282359597274,0.17592875379486614,0.26767777824676786,0.7335541847434282,0.4416332466382951,0.5263861892211312,0.04787485584595015
C1,no,Insulin,28.36676217765043,0.507611815590198,0.04993082347443104,0.22003413917819206,0.18748282359620902,0.17592875379507794,0.26767777824717903,0.7335541847433439,0.4416332466383412,0.5263861892205001,0.04787485584574363
C1,no,Insulin,28.510028653295127,0.5076118155902161,0.04993082347480744,0.22003413917819903,0.1874828235964453,0.17592875379528974,0.26767777824759015,0.7335541847432595,0.4416332466383872,0.526386189219869,0.0478748558455371
C1,no,Insulin,28.653295128939828,0.5076118155902342,0.04993082347518384,0.220034139178206,0.18748282359668159,0.17592875379550155,0.26767777824800126,0.7335541847431752,0.4416332466384333,0.5263861892192379,0.04787485584533057
C1,no,Insulin,28.796561604584525,0.5076118155902523,0.04993082347556024,0.22003413917821293,0.18748282359691787,0.17592875379571335,0.26767777824841243,0.7335541847430909,0.4416332466384793,0.5263861892186068,0.04787485584512404
C1,no,Insulin,28.939828080229226,0.5076118155902702,0.04993082347593665,0.2200341391782199,0.18748282359715412,0.17592875379592515,0.26767777824882355,0.7335541847430066,0.4416332466385254,0.5263861892179756,0.04787485584491751
C1,no,Insulin,29.083094555873924,0.5076118155902883,0.04993082347631305,0.22003413917822684,0.1874828235973904,0.17592875379613696,0.26767777824923467,0.7335541847429222,0.4416332466385714,0.5263861892173446,0.04787485584471098
C1,no,Insulin,29.22636103151862,0.5076118155903064,0.04993082347668945,0.2200341391782338,0.1874828235976267,0.17592875379634879,0.26767777824964584,0.7335541847428378,0.44163324663861747,0.5263861892167134,0.04787485584450445
C1,no,Insulin,29.369627507163322,0.5076118155903245,0.04993082347706585,0.22003413917824077,0.18748282359786297,0.1759287537965606,0.26767777825005695,0.7335541847427536,0.4416332466386635,0.5263861892160824,0.04787485584429793
C1,no,Insulin,29.51289398280802,0.5076118155903426,0.04993082347744225,0.2200341391782477,0.18748282359809926,0.1759287537967724,0.26767777825046807,0.7335541847426692,0.44163324663870956,0.5263861892154512,0.0478748558440914
C1,no,Insulin,29.65616045845272,0.5076118155903607,0.04993082347781865,0.22003413917825468,0.1874828235983355,0.1759287537969842,0.26767777825087924,0.7335541847425849,0.4416332466387556,0.5263861892148202,0.04787485584388487
C1,no,Insulin,29.79942693409742,0.5076118155903787,0.04993082347819506,0.22003413917826165,0.1874828235985718,0.175928753797196,0.26767777825129035,0.7335541847425006,0.44163324663880166,0.5263861892141891,0.04787485584367834
C1,no,Insulin,29.94269340974212,0.5076118155903968,0.04993082347857146,0.22003413917826858,0.18748282359880808,0.1759287537974078,0.26767777825170147,0.7335541847424163,0.4416332466388477,0.526386189213558,0.047874855843471814
C1,no,Insulin,30.085959885386817,0.5076118155904149,0.04993082347894786,0.22003413917827555,0.18748282359904436,0.1759287537976196,0.2676777782521126,0.7335541847423319,0.44163324663889375,0.5263861892129269,0.047874855843265285
C1,no,Insulin,30.229226361031518,0.507611815590433,0.04993082347932426,0.22003413917828252,0.18748282359928065,0.1759287537978314,0.26767777825252376,0.7335541847422477,0.44163324663893977,0.5263861892122957,0.047874855843058756
C1,no,Insulin,30.372492836676216,0.5076118155904511,0.04993082347970066,0.22003413917828946,0.18748282359951693,0.1759287537980432,0.2676777782529349,0.7335541847421633,0.4416332466389858,0.5263861892116647,0.04787485584285223
C1,no,Insulin,30.515759312320917,0.5076118155904691,0.04993082348007706,0.22003413917829642,0.18748282359975318,0.175928753798255,0.267677778253346,0.7335541847420789,0.44163324663903186,0.5263861892110335,0.047874855842645704
C1,no,Insulin,30.659025787965614,0.5076118155904872,0.04993082348045346,0.2200341391783034,0.18748282359998947,0.17592875379846684,0.26767777825375716,0.7335541847419946,0.4416332466390779,0.5263861892104025,0.047874855842439175
C1,no,Insulin,30.802292263610312,0.5076118155905053,0.04993082348082987,0.22003413917831033,0.18748282360022575,0.17592875379867864,0.2676777782541683,0.7335541847419103,0.44163324663912396,0.5263861892097713,0.047874855842232646
C1,no,Insulin,30.945558739255013,0.5076118155905234,0.04993082348120627,0.2200341391783173,0.18748282360046203,0.17592875379889045,0.2676777782545794,0.733554184741826,0.44163324663917,0.5263861892091403,0.047874855842026116
C1,no,Insulin,31.08882521489971,0.5076118155905415,0.04993082348158267,0.22003413917832423,0.18748282360069832,0.17592875379910225,0.26767777825499056,0.7335541847417416,0.44163324663921605,0.5263861892085091,0.04787485584181959
C1,no,Insulin,31.23209169054441,0.5076118155905595,0.04993082348195907,0.2200341391783312,0.1874828236009346,0.17592875379931405,0.2676777782554017,0.7335541847416573,0.44163324663926207,0.526386189207878,0.04787485584161306
C1,no,Insulin,31.37535816618911,0.5076118155905776,0.04993082348233547,0.22003413917833817,0.18748282360117086,0.17592875379952586,0.2676777782558128,0.733554184741573,0.44163324663930814,0.5263861892072469,0.047874855841406536
C1,no,Insulin,31.51862464183381,0.5076118155905956,0.04993082348271187,0.2200341391783451,0.18748282360140714,0.17592875379973766,0.26767777825622396,0.7335541847414887,0.44163324663935416,0.5263861892066158,0.047874855841200006
C1,no,Insulin,31.661891117478508,0.5076118155906137,0.04993082348308827,0.22003413917835207,0.18748282360164342,0.17592875379994946,0.2676777782566351,0.7335541847414043,0.44163324663940023,0.5263861892059847,0.04787485584099348
C1,no,Insulin,31.80515759312321,0.5076118155906318,0.04993082348346468,0.22003413917835904,0.1874828236018797,0.17592875380016126,0.2676777782570462,0.73355418474132,0.44163324663944625,0.5263861892053536,0.04787485584078695
C1,no,Insulin,31.948424068767906,0.5076118155906498,0.04993082348384108,0.22003413917836598,0.187482823602116,0.17592875380037307,0.26767777825745737,0.7335541847412357,0.4416332466394923,0.5263861892047226,0.04787485584058042
C1,no,Insulin,32.09169054441261,0.5076118155906679,0.04993082348421748,0.22003413917837295,0.18748282360235227,0.1759287538005849,0.2676777782578685,0.7335541847411513,0.44163324663953835,0.5263861892040914,0.04787485584037389
C1,no,Insulin,32.2349570200573,0.507611815590686,0.04993082348459388,0.2200341391783799,0.18748282360258853,0.1759287538007967,0.2676777782582796,0.733554184741067,0.4416332466395844,0.5263861892034604,0.04787485584016736
C1,no,Insulin,32.378223495702,0.5076118155907041,0.04993082348497028,0.22003413917838685,0.1874828236028248,0.1759287538010085,0.26767777825869077,0.7335541847409827,0.44163324663963044,0.5263861892028292,0.04787485583996084
C1,no,Insulin,32.5214899713467,0.5076118155907222,0.04993082348534668,0.22003413917839382,0.1874828236030611,0.1759287538012203,0.2676777782591019,0.7335541847408984,0.4416332466396765,0.5263861892021982,0.04787485583975431
C1,no,Insulin,32.664756446991404,0.5076118155907402,0.049930823485723086,0.22003413917840078,0.18748282360329738,0.1759287538014321,0.267677778259513,0.733554184740814,0.44163324663972253,0.526386189201567,0.04787485583954778
C1,no,Insulin,32.8080229226361,0.5076118155907583,0.049930823486099486,0.22003413917840772,0.18748282360353366,0.1759287538016439,0.26767777825992417,0.7335541847407298,0.4416332466397686,0.5263861892009359,0.04787485583934125
C1,no,Insulin,32.9512893982808,0.5076118155907764,0.049930823486475887,0.2200341391784147,0.18748282360376992,0.17592875380185571,0.2676777782603353,0.7335541847406454,0.4416332466398146,0.5263861892003048,0.04787485583913472
C1,no,Insulin,33.0945558739255,0.5076118155907945,0.04993082348685229,0.22003413917842163,0.1874828236040062,0.17592875380206752,0.2676777782607464,0.733554184740561,0.44163324663986064,0.5263861891996737,0.04787485583892819
C1,no,Insulin,33.2378223495702,0.5076118155908126,0.04993082348722869,0.2200341391784286,0.18748282360424248,0.17592875380227932,0.2676777782611575,0.7335541847404767,0.4416332466399067,0.5263861891990426,0.04787485583872166
C1,no,Insulin,33.381088825214896,0.5076118155908306,0.04993082348760509,0.22003413917843556,0.18748282360447877,0.17592875380249112,0.2676777782615687,0.7335541847403924,0.44163324663995274,0.5263861891984115,0.04787485583851514
C1,no,Insulin,33.5243553008596,0.5076118155908487,0.04993082348798149,0.2200341391784425,0.18748282360471505,0.17592875380270295,0.2676777782619798,0.7335541847403081,0.4416332466399988,0.5263861891977804,0.04787485583830861
C1,no,Insulin,33.6676217765043,0.5076118155908668,0.049930823488357895,0.22003413917844947,0.18748282360495133,0.17592875380291476,0.2676777782623909,0.7335541847402237,0.44163324664004483,0.5263861891971493,0.04787485583810208
C1,no,Insulin,33.81088825214899,0.5076118155908849,0.049930823488734295,0.22003413917845643,0.1874828236051876,0.17592875380312656,0.2676777782628021,0.7335541847401394,0.4416332466400909,0.5263861891965183,0.04787485583789555
C1,no,Insulin,33.95415472779369,0.507611815590903,0.049930823489110696,0.22003413917846337,0.18748282360542387,0.17592875380333836,0.2676777782632132,0.7335541847400551,0.4416332466401369,0.5263861891958871,0.04787485583768902
C1,no,Insulin,34.097421203438394,0.507611815590921,0.049930823489487096,0.22003413917847034,0.18748282360566015,0.17592875380355016,0.2676777782636243,0.7335541847399708,0.441633246640183,0.526386189195256,0.047874855837482494
C1,no,Insulin,34.240687679083095,0.507611815590939,0.049930823489863496,0.2200341391784773,0.18748282360589644,0.17592875380376197,0.2676777782640355,0.7335541847398864,0.441633246640229,0.5263861891946249,0.047874855837275965
C1,no,Insulin,34.38395415472779,0.5076118155909571,0.049930823490239896,0.22003413917848424,0.18748282360613272,0.17592875380397377,0.2676777782644466,0.733554184739802,0.4416332466402751,0.5263861891939938,0.04787485583706944
C1,no,Insulin,34.52722063037249,0.5076118155909752,0.0499308234906163,0.2200341391784912,0.187482823606369,0.17592875380418557,0.2676777782648577,0.7335541847397178,0.4416332466403211,0.5263861891933627,0.04787485583686291
C1,no,Insulin,34.67048710601719,0.5076118155909933,0.049930823490992704,0.22003413917849815,0.18748282360660526,0.17592875380439738,0.2676777782652689,0.7335541847396334,0.4416332466403672,0.5263861891927316,0.047874855836656384
C1,no,Insulin,34.81375358166189,0.5076118155910113,0.049930823491369104,0.22003413917850512,0.18748282360684154,0.17592875380460918,0.26767777826568,0.7335541847395491,0.4416332466404132,0.5263861891921005,0.047874855836449855
C1,no,Insulin,34.957020057306586,0.5076118155910294,0.049930823491745505,0.22003413917851208,0.18748282360707783,0.175928753804821,0.2676777782660911,0.7335541847394648,0.4416332466404593,0.5263861891914694,0.047874855836243325
C1,no,Insulin,35.10028653295129,0.5076118155910475,0.049930823492121905,0.22003413917851902,0.1874828236073141,0.1759287538050328,0.2676777782665023,0.7335541847393805,0.4416332466405053,0.5263861891908382,0.047874855836036796
C1,no,Insulin,35.24355300859599,0.5076118155910656,0.049930823492498305,0.220034139178526,0.1874828236075504,0.17592875380524461,0.2676777782669134,0.7335541847392961,0.44163324664055137,0.5263861891902072,0.04787485583583027
C1,no,Insulin,35.38681948424068,0.5076118155910837,0.049930823492874706,0.22003413917853296,0.18748282360778667,0.17592875380545642,0.26767777826732453,0.7335541847392119,0.4416332466405974,0.526386189189576,0.047874855835623745
C1,no,Insulin,35.53008595988538,0.5076118155911017,0.04993082349325111,0.2200341391785399,0.18748282360802293,0.17592875380566822,0.2676777782677357,0.7335541847391275,0.44163324664064346,0.526386189188945,0.047874855835417215
C1,no,Insulin,35.673352435530084,0.5076118155911198,0.04993082349362751,0.22003413917854686,0.1874828236082592,0.17592875380588002,0.2676777782681468,0.7335541847390431,0.4416332466406895,0.5263861891883138,0.047874855835210686
C1,no,Insulin,35.816618911174785,0.5076118155911379,0.04993082349400391,0.22003413917855383,0.1874828236084955,0.17592875380609183,0.26767777826855793,0.7335541847389588,0.44163324664073556,0.5263861891876828,0.04787485583500416
C1,no,Insulin,35.95988538681948,0.507611815591156,0.049930823494380314,0.22003413917856077,0.18748282360873178,0.17592875380630363,0.2676777782689691,0.7335541847388745,0.4416332466407816,0.5263861891870517,0.04787485583479763
C1,no,Insulin,36.10315186246418,0.5076118155911741,0.049930823494756714,0.22003413917856773,0.18748282360896806,0.17592875380651543,0.2676777782693802,0.7335541847387902,0.4416332466408276,0.5263861891864206,0.0478748558345911
C1,no,Insulin,36.24641833810888,0.5076118155911921,0.049930823495133114,0.2200341391785747,0.18748282360920435,0.17592875380672723,0.26767777826979133,0.7335541847387058,0.44163324664087367,0.5263861891857895,0.04787485583438457
C1,no,Insulin,36.38968481375358,0.5076118155912102,0.049930823495509515,0.22003413917858164,0.1874828236094406,0.17592875380693906,0.26767777827020245,0.7335541847386216,0.4416332466409197,0.5263861891851583,0.04787485583417805
C1,no,Insulin,36.53295128939828,0.5076118155912283,0.04993082349588592,0.2200341391785886,0.18748282360967689,0.17592875380715087,0.2676777782706136,0.7335541847385372,0.44163324664096576,0.5263861891845273,0.04787485583397152
C1,no,Insulin,36.67621776504298,0.5076118155912464,0.04993082349626232,0.22003413917859554,0.18748282360991317,0.17592875380736267,0.26767777827102474,0.7335541847384529,0.4416332466410118,0.5263861891838961,0.04787485583376499
C1,no,Insulin,36.81948424068768,0.5076118155912644,0.04993082349663872,0.2200341391786025,0.18748282361014945,0.17592875380757447,0.26767777827143585,0.7335541847383685,0.44163324664105785,0.5263861891832651,0.04787485583355846
C1,no,Insulin,36.96275071633237,0.5076118155912824,0.04993082349701512,0.22003413917860948,0.18748282361038573,0.17592875380778628,0.267677778271847,0.7335541847382842,0.44163324664110387,0.5263861891826339,0.04787485583335193
C1,no,Insulin,37.106017191977074,0.5076118155913005,0.04993082349739152,0.22003413917861642,0.187482823610622,0.17592875380799808,0.26767777827225814,0.7335541847381999,0.44163324664114995,0.5263861891820029,0.0478748558331454
C1,no,Insulin,37.249283667621775,0.5076118155913186,0.04993082349776792,0.22003413917862338,0.18748282361085827,0.17592875380820988,0.26767777827266925,0.7335541847381155,0.44163324664119596,0.5263861891813717,0.04787485583293887
C1,no,Insulin,37.392550143266476,0.5076118155913367,0.049930823498144324,0.22003413917863035,0.18748282361109456,0.17592875380842168,0.2676777782730804,0.7335541847380312,0.44163324664124204,0.5263861891807406,0.04787485583273235
C1,no,Insulin,37.53581661891117,0.5076118155913548,0.04993082349852073,0.2200341391786373,0.18748282361133084,0.1759287538086335,0.26767777827349154,0.7335541847379469,0.44163324664128806,0.5263861891801095,0.04787485583252582
C1,no,Insulin,37.67908309455587,0.5076118155913729,0.04993082349889713,0.22003413917864426,0.18748282361156712,0.1759287538088453,0.26767777827390266,0.7335541847378626,0.44163324664133413,0.5263861891794784,0.04787485583231929
C1,no,Insulin,37.82234957020057,0.5076118155913909,0.04993082349927353,0.22003413917865122,0.1874828236118034,0.17592875380905712,0.2676777782743138,0.7335541847377782,0.44163324664138015,0.5263861891788473,0.04787485583211276
C1,no,Insulin,37.96561604584527,0.507611815591409,0.04993082349964993,0.22003413917865816,0.18748282361203966,0.17592875380926892,0.26767777827472494,0.733554184737694,0.4416332466414262,0.5263861891782162,0.04787485583190623
C1,no,Insulin,38.10888252148997,0.5076118155914271,0.04993082350002633,0.22003413917866513,0.18748282361227595,0.17592875380948073,0.26767777827513606,0.7335541847376096,0.44163324664147224,0.5263861891775852,0.0478748558316997
C1,no,Insulin,38.25214899713467,0.5076118155914452,0.04993082350040273,0.2200341391786721,0.18748282361251223,0.17592875380969253,0.26767777827554723,0.7335541847375252,0.4416332466415183,0.526386189176954,0.047874855831493174
C1,no,Insulin,38.39541547277937,0.5076118155914633,0.04993082350077914,0.22003413917867903,0.1874828236127485,0.17592875380990433,0.26767777827595834,0.7335541847374409,0.44163324664156434,0.526386189176323,0.04787485583128665
C1,no,Insulin,38.53868194842406,0.5076118155914813,0.04993082350115554,0.220034139178686,0.1874828236129848,0.17592875381011613,0.26767777827636946,0.7335541847373566,0.4416332466416104,0.5263861891756918,0.04787485583108012
C1,no,Insulin,38.681948424068764,0.5076118155914994,0.04993082350153194,0.22003413917869294,0.18748282361322108,0.17592875381032794,0.26767777827678063,0.7335541847372723,0.44163324664165643,0.5263861891750607,0.04787485583087359
C1,no,Insulin,38.825214899713465,0.5076118155915175,0.04993082350190834,0.2200341391786999,0.18748282361345733,0.17592875381053974,0.26767777827719175,0.7335541847371879,0.44163324664170245,0.5263861891744296,0.047874855830667064
C1,no,Insulin,38.96848137535817,0.5076118155915356,0.04993082350228474,0.22003413917870687,0.18748282361369362,0.17592875381075154,0.26767777827760286,0.7335541847371037,0.4416332466417485,0.5263861891737985,0.047874855830460535
C1,no,Insulin,39.11174785100286,0.5076118155915537,0.04993082350266114,0.2200341391787138,0.1874828236139299,0.17592875381096335,0.26767777827801403,0.7335541847370193,0.44163324664179454,0.5263861891731674,0.047874855830254005
C1,no,Insulin,39.25501432664756,0.5076118155915716,0.04993082350303754,0.22003413917872078,0.18748282361416618,0.17592875381117518,0.26767777827842515,0.733554184736935,0.4416332466418406,0.5263861891725363,0.047874855830047476
C1,no,Insulin,39.39828080229226,0.5076118155915897,0.04993082350341395,0.22003413917872774,0.18748282361440247,0.17592875381138698,0.26767777827883626,0.7335541847368506,0.44163324664188663,0.5263861891719052,0.047874855829840954
C1,no,Insulin,39.541547277936964,0.5076118155916078,0.04993082350379035,0.22003413917873468,0.18748282361463875,0.17592875381159878,0.2676777782792474,0.7335541847367663,0.4416332466419327,0.5263861891712741,0.047874855829634425
C1,no,Insulin,39.68481375358166,0.5076118155916259,0.04993082350416675,0.22003413917874165,0.187482823614875,0.17592875381181058,0.26767777827965855,0.733554184736682,0.4416332466419787,0.526386189170643,0.047874855829427895
C1,no,Insulin,39.82808022922636,0.507611815591644,0.04993082350454315,0.22003413917874862,0.1874828236151113,0.1759287538120224,0.26767777828006967,0.7335541847365976,0.4416332466420248,0.5263861891700119,0.047874855829221366
C1,no,Insulin,39.97134670487106,0.507611815591662,0.04993082350491955,0.22003413917875556,0.18748282361534757,0.1759287538122342,0.2676777782804808,0.7335541847365133,0.4416332466420708,0.5263861891693807,0.04787485582901484
C1,no,Insulin,40.114613180515754,0.5076118155916801,0.04993082350529595,0.22003413917876252,0.18748282361558385,0.175928753812446,0.26767777828089195,0.733554184736429,0.4416332466421169,0.5263861891687497,0.04787485582880831
C1,no,Insulin,40.257879656160455,0.5076118155916982,0.04993082350567235,0.2200341391787695,0.18748282361582014,0.1759287538126578,0.26767777828130307,0.7335541847363447,0.4416332466421629,0.5263861891681186,0.047874855828601785
C1,no,Insulin,40.401146131805156,0.5076118155917163,0.04993082350604876,0.22003413917877643,0.1874828236160564,0.1759287538128696,0.2676777782817142,0.7335541847362603,0.441633246642209,0.5263861891674875,0.047874855828395256
C1,no,Insulin,40.54441260744986,0.5076118155917344,0.04993082350642516,0.2200341391787834,0.18748282361629268,0.1759287538130814,0.26767777828212536,0.7335541847361761,0.441633246642255,0.5263861891668564,0.04787485582818873
C1,no,Insulin,40.68767908309455,0.5076118155917524,0.04993082350680156,0.22003413917879033,0.18748282361652896,0.17592875381329323,0.26767777828253647,0.7335541847360917,0.4416332466423011,0.5263861891662253,0.0478748558279822
C1,no,Insulin,40.83094555873925,0.5076118155917705,0.04993082350717796,0.2200341391787973,0.18748282361676524,0.17592875381350503,0.2676777782829476,0.7335541847360073,0.4416332466423471,0.5263861891655942,0.04787485582777567
C1,no,Insulin,40.97421203438395,0.5076118155917886,0.04993082350755436,0.22003413917880427,0.18748282361700153,0.17592875381371684,0.26767777828335876,0.733554184735923,0.4416332466423932,0.526386189164963,0.04787485582756914
C1,no,Insulin,41.117478510028654,0.5076118155918067,0.04993082350793076,0.2200341391788112,0.1874828236172378,0.17592875381392864,0.2676777782837699,0.7335541847358387,0.4416332466424392,0.526386189164332,0.04787485582736261
C1,no,Insulin,41.26074498567335,0.5076118155918248,0.04993082350830716,0.22003413917881817,0.18748282361747406,0.17592875381414044,0.267677778284181,0.7335541847357544,0.44163324664248527,0.5263861891637008,0.04787485582715609
C1,no,Insulin,41.40401146131805,0.5076118155918428,0.04993082350868357,0.22003413917882514,0.18748282361771035,0.17592875381435225,0.26767777828459216,0.73355418473567,0.4416332466425313,0.5263861891630698,0.04787485582694956
C1,no,Insulin,41.54727793696275,0.5076118155918609,0.04993082350905997,0.22003413917883208,0.18748282361794663,0.17592875381456405,0.2676777782850033,0.7335541847355858,0.44163324664257736,0.5263861891624386,0.04787485582674303
C1,no,Insulin,41.690544412607444,0.507611815591879,0.04993082350943637,0.22003413917883904,0.18748282361818291,0.17592875381477585,0.2676777782854144,0.7335541847355014,0.4416332466426234,0.5263861891618076,0.0478748558265365
C1,no,Insulin,41.833810888252145,0.507611815591897,0.04993082350981277,0.220034139178846,0.1874828236184192,0.17592875381498765,0.26767777828582556,0.7335541847354171,0.4416332466426694,0.5263861891611764,0.04787485582632997
C1,no,Insulin,41.977077363896846,0.5076118155919151,0.04993082351018917,0.22003413917885295,0.18748282361865548,0.17592875381519946,0.2676777782862367,0.7335541847353327,0.44163324664271547,0.5263861891605454,0.04787485582612344
C1,no,Insulin,42.12034383954155,0.5076118155919331,0.04993082351056557,0.22003413917885992,0.18748282361889174,0.1759287538154113,0.2676777782866478,0.7335541847352484,0.4416332466427615,0.5263861891599143,0.04787485582591691
C1,no,Insulin,42.26361031518624,0.5076118155919512,0.049930823510941975,0.22003413917886686,0.18748282361912802,0.1759287538156231,0.26767777828705897,0.7335541847351641,0.44163324664280756,0.5263861891592831,0.04787485582571039
C1,no,Insulin,42.40687679083094,0.5076118155919693,0.049930823511318376,0.22003413917887382,0.1874828236193643,0.1759287538158349,0.2676777782874701,0.7335541847350797,0.4416332466428536,0.5263861891586521,0.04787485582550386
C1,no,Insulin,42.550143266475644,0.5076118155919874,0.049930823511694776,0.2200341391788808,0.18748282361960059,0.1759287538160467,0.2676777782878812,0.7335541847349955,0.44163324664289966,0.5263861891580209,0.04787485582529733
C1,no,Insulin,42.693409742120345,0.5076118155919906,0.04993082351176898,0.22003413917888207,0.18748282361964558,0.17592875381608708,0.26767777828795963,0.7335541847349791,0.4416332466429084,0.5263861891579005,0.047874855825257696
C1,no,Insulin,42.83667621776504,0.5076118155919914,0.04993082351179049,0.22003413917888234,0.18748282361965724,0.17592875381609752,0.26767777828798006,0.7335541847349746,0.4416332466429106,0.5263861891578693,0.04787485582524717
C1,no,Insulin,42.97994269340974,0.5076118155919922,0.049930823511812,0.22003413917888262,0.1874828236196689,0.17592875381610798,0.26767777828800043,0.7335541847349701,0.4416332466429128,0.526386189157838,0.047874855825236644
C1,no,Insulin,43.12320916905444,0.5076118155919929,0.04993082351183351,0.2200341391788829,0.18748282361968052,0.17592875381611844,0.2676777782880208,0.7335541847349656,0.44163324664291503,0.5263861891578067,0.04787485582522611
C1,no,Insulin,43.266475644699135,0.5076118155919936,0.04993082351185502,0.2200341391788832,0.18748282361969218,0.17592875381612888,0.26767777828804123,0.7335541847349611,0.44163324664291725,0.5263861891577755,0.047874855825215584
C1,no,Insulin,43.409742120343836,0.5076118155919944,0.04993082351187653,0.22003413917888348,0.1874828236197038,0.17592875381613934,0.2676777782880616,0.7335541847349566,0.4416332466429195,0.5263861891577442,0.04787485582520506
C1,no,Insulin,43.55300859598854,0.5076118155919951,0.049930823511898044,0.22003413917888376,0.18748282361971547,0.1759287538161498,0.267677778288082,0.733554184734952,0.4416332466429217,0.5263861891577128,0.04787485582519453
C1,no,Insulin,43.69627507163324,0.5076118155919959,0.049930823511919555,0.22003413917888404,0.1874828236197271,0.17592875381616027,0.2676777782881024,0.7335541847349476,0.4416332466429239,0.5263861891576816,0.047874855825184005
C1,no,Insulin,43.83954154727793,0.5076118155919965,0.049930823511941065,0.2200341391788843,0.18748282361973875,0.1759287538161707,0.2676777782881228,0.733554184734943,0.44163324664292614,0.5263861891576503,0.04787485582517348
C1,no,Insulin,43.98280802292263,0.5076118155919973,0.049930823511962576,0.22003413917888462,0.18748282361975038,0.17592875381618117,0.2676777782881432,0.7335541847349386,0.4416332466429283,0.526386189157619,0.04787485582516295
C1,no,Insulin,44.126074498567334,0.5076118155919981,0.049930823511984086,0.2200341391788849,0.18748282361976204,0.17592875381619164,0.2676777782881636,0.7335541847349341,0.4416332466429305,0.5263861891575878,0.047874855825152426
C1,no,Insulin,44.269340974212035,0.5076118155919987,0.04993082351200559,0.22003413917888517,0.18748282361977367,0.1759287538162021,0.26767777828818395,0.7335541847349296,0.44163324664293274,0.5263861891575565,0.04787485582514189
C1,no,Insulin,44.41260744985673,0.5076118155919995,0.0499308235120271,0.22003413917888545,0.18748282361978533,0.17592875381621254,0.2676777782882044,0.7335541847349251,0.44163324664293496,0.5263861891575252,0.04787485582513137
C1,no,Insulin,44.55587392550143,0.5076118155920003,0.04993082351204861,0.22003413917888576,0.18748282361979696,0.175928753816223,0.26767777828822475,0.7335541847349206,0.4416332466429372,0.526386189157494,0.04787485582512084
C1,no,Insulin,44.69914040114613,0.507611815592001,0.04993082351207012,0.22003413917888603,0.18748282361980861,0.17592875381623346,0.2676777782882451,0.7335541847349161,0.4416332466429394,0.5263861891574627,0.047874855825110314
C1,no,Insulin,44.842406876790825,0.5076118155920017,0.04993082351209163,0.2200341391788863,0.18748282361982024,0.17592875381624393,0.26767777828826556,0.7335541847349115,0.4416332466429416,0.5263861891574314,0.04787485582509979
C1,no,Insulin,44.985673352435526,0.5076118155920024,0.04993082351211314,0.2200341391788866,0.1874828236198319,0.17592875381625436,0.26767777828828593,0.7335541847349071,0.44163324664294384,0.5263861891574001,0.04787485582508926
C1,no,Insulin,45.12893982808023,0.5076118155920032,0.04993082351213465,0.22003413917888687,0.18748282361984353,0.17592875381626483,0.26767777828830636,0.7335541847349025,0.44163324664294606,0.5263861891573689,0.047874855825078735
C1,no,Insulin,45.27220630372493,0.507611815592004,0.049930823512156164,0.22003413917888717,0.1874828236198552,0.1759287538162753,0.26767777828832673,0.7335541847348981,0.4416332466429483,0.5263861891573376,0.04787485582506821
C1,no,Insulin,45.41547277936962,0.5076118155920046,0.049930823512177674,0.22003413917888745,0.18748282361986682,0.17592875381628573,0.2676777782883471,0.7335541847348935,0.4416332466429505,0.5263861891573063,0.047874855825057676
C1,no,Insulin,45.55873925501432,0.5076118155920054,0.049930823512199185,0.22003413917888773,0.18748282361987847,0.1759287538162962,0.26767777828836753,0.7335541847348891,0.4416332466429527,0.5263861891572751,0.04787485582504715
C1,no,Insulin,45.702005730659025,0.5076118155920062,0.04993082351222069,0.220034139178888,0.1874828236198901,0.17592875381630665,0.2676777782883879,0.7335541847348845,0.44163324664295495,0.5263861891572438,0.04787485582503662
C1,no,Insulin,45.84527220630372,0.5076118155920069,0.0499308235122422,0.2200341391788883,0.18748282361990176,0.17592875381631712,0.2676777782884083,0.7335541847348801,0.44163324664295717,0.5263861891572125,0.0478748558250261
C1,no,Insulin,45.98853868194842,0.5076118155920076,0.04993082351226371,0.2200341391788886,0.1874828236199134,0.17592875381632755,0.2676777782884287,0.7335541847348755,0.4416332466429594,0.5263861891571813,0.04787485582501557
C1,no,Insulin,46.13180515759312,0.5076118155920084,0.04993082351228522,0.22003413917888887,0.18748282361992505,0.17592875381633802,0.2676777782884491,0.733554184734871,0.4416332466429616,0.52638618915715,0.047874855825005044
C1,no,Insulin,46.27507163323782,0.5076118155920091,0.04993082351230673,0.22003413917888914,0.18748282361993668,0.17592875381634848,0.2676777782884695,0.7335541847348666,0.44163324664296383,0.5263861891571187,0.04787485582499452
C1,no,Insulin,46.418338108882516,0.5076118155920099,0.04993082351232824,0.22003413917888942,0.18748282361994834,0.17592875381635895,0.2676777782884899,0.733554184734862,0.44163324664296605,0.5263861891570875,0.047874855824983985
C1,no,Insulin,46.56160458452722,0.5076118155920105,0.04993082351234975,0.22003413917888973,0.18748282361995997,0.17592875381636938,0.26767777828851025,0.7335541847348576,0.44163324664296827,0.5263861891570562,0.04787485582497346
C1,no,Insulin,46.70487106017192,0.5076118155920113,0.04993082351237126,0.22003413917889,0.18748282361997162,0.17592875381637985,0.2676777782885307,0.733554184734853,0.4416332466429705,0.5263861891570248,0.04787485582496293
C1,no,Insulin,46.84813753581662,0.5076118155920121,0.04993082351239277,0.22003413917889028,0.18748282361998325,0.1759287538163903,0.26767777828855105,0.7335541847348486,0.4416332466429727,0.5263861891569936,0.047874855824952406
C1,no,Insulin,46.99140401146131,0.5076118155920127,0.049930823512414284,0.22003413917889056,0.1874828236199949,0.17592875381640077,0.2676777782885714,0.733554184734844,0.44163324664297493,0.5263861891569623,0.04787485582494188
C1,no,Insulin,47.134670487106014,0.5076118155920135,0.049930823512435794,0.22003413917889084,0.18748282362000654,0.1759287538164112,0.26767777828859185,0.7335541847348395,0.4416332466429771,0.526386189156931,0.04787485582493135
C1,no,Insulin,47.277936962750715,0.5076118155920143,0.0499308235124573,0.22003413917889114,0.1874828236200182,0.17592875381642167,0.2676777782886122,0.733554184734835,0.4416332466429793,0.5263861891568998,0.04787485582492083
C1,no,Insulin,47.42120343839541,0.507611815592015,0.04993082351247881,0.22003413917889142,0.18748282362002985,0.17592875381643214,0.26767777828863265,0.7335541847348305,0.44163324664298154,0.5263861891568685,0.0478748558249103
C1,no,Insulin,47.56446991404011,0.5076118155920157,0.04993082351250032,0.2200341391788917,0.18748282362004148,0.17592875381644257,0.267677778288653,0.733554184734826,0.44163324664298376,0.5263861891568372,0.04787485582489977
C1,no,Insulin,47.70773638968481,0.5076118155920164,0.04993082351252183,0.22003413917889197,0.18748282362005314,0.17592875381645304,0.2676777782886734,0.7335541847348215,0.441633246642986,0.526386189156806,0.04787485582488924
C1,no,Insulin,47.85100286532951,0.5076118155920172,0.04993082351254334,0.22003413917889228,0.18748282362006477,0.1759287538164635,0.2676777782886938,0.733554184734817,0.4416332466429882,0.5263861891567747,0.047874855824878715
C1,no,Insulin,47.994269340974206,0.507611815592018,0.04993082351256485,0.22003413917889256,0.18748282362007643,0.17592875381647397,0.2676777782887142,0.7335541847348125,0.4416332466429904,0.5263861891567434,0.04787485582486819
C1,no,Insulin,48.13753581661891,0.5076118155920186,0.04993082351258636,0.22003413917889283,0.18748282362008806,0.1759287538164844,0.26767777828873457,0.733554184734808,0.44163324664299264,0.5263861891567122,0.04787485582485766
C1,no,Insulin,48.28080229226361,0.5076118155920194,0.04993082351260787,0.2200341391788931,0.18748282362009971,0.17592875381649486,0.267677778288755,0.7335541847348035,0.44163324664299486,0.5263861891566809,0.047874855824847136
C1,no,Insulin,48.42406876790831,0.5076118155920202,0.04993082351262938,0.2200341391788934,0.18748282362011134,0.17592875381650533,0.26767777828877537,0.7335541847347989,0.4416332466429971,0.5263861891566496,0.04787485582483661
C1,no,Insulin,48.567335243553,0.5076118155920208,0.04993082351265089,0.2200341391788937,0.187482823620123,0.1759287538165158,0.2676777782887958,0.7335541847347945,0.4416332466429993,0.5263861891566184,0.04787485582482608
C1,no,Insulin,48.710601719197705,0.5076118155920216,0.0499308235126724,0.22003413917889397,0.18748282362013463,0.17592875381652623,0.26767777828881617,0.73355418473479,0.4416332466430015,0.5263861891565871,0.04787485582481555
C1,no,Insulin,48.853868194842406,0.5076118155920224,0.04993082351269391,0.22003413917889425,0.1874828236201463,0.1759287538165367,0.26767777828883654,0.7335541847347855,0.44163324664300374,0.5263861891565558,0.047874855824805024
C1,no,Insulin,48.9971346704871,0.5076118155920231,0.04993082351271542,0.22003413917889453,0.18748282362015792,0.17592875381654716,0.26767777828885697,0.733554184734781,0.44163324664300596,0.5263861891565246,0.0478748558247945
C1,no,Insulin,49.1404011461318,0.5076118155920238,0.04993082351273693,0.22003413917889483,0.18748282362016958,0.17592875381655762,0.26767777828887734,0.7335541847347765,0.4416332466430082,0.5263861891564933,0.04787485582478397
C1,no,Insulin,49.2836676217765,0.5076118155920245,0.04993082351275844,0.2200341391788951,0.1874828236201812,0.17592875381656806,0.2676777782888977,0.733554184734772,0.4416332466430104,0.526386189156462,0.047874855824773445
C1,no,Insulin,49.4269340974212,0.5076118155920253,0.04993082351277995,0.2200341391788954,0.18748282362019286,0.17592875381657852,0.26767777828891814,0.7335541847347675,0.4416332466430126,0.5263861891564308,0.04787485582476292
C1,no,Insulin,49.5702005730659,0.5076118155920261,0.04993082351280146,0.22003413917889567,0.1874828236202045,0.17592875381658898,0.2676777782889385,0.733554184734763,0.44163324664301484,0.5263861891563995,0.04787485582475239
C1,no,Insulin,49.7134670487106,0.5076118155920267,0.04993082351282297,0.22003413917889594,0.18748282362021615,0.17592875381659942,0.26767777828895895,0.7335541847347584,0.44163324664301706,0.5263861891563681,0.047874855824741866
C1,no,Insulin,49.8567335243553,0.5076118155920275,0.04993082351284448,0.22003413917889625,0.18748282362022778,0.17592875381660988,0.2676777782889793,0.733554184734754,0.4416332466430193,0.526386189156337,0.04787485582473133
C1,no,Insulin,50.0,0.5076118155920283,0.04993082351286599,0.22003413917889653,0.18748282362023944,0.17592875381662035,0.2676777782889997,0.7335541847347494,0.4416332466430215,0.5263861891563056,0.047874855824720806