,,,Slide ID,Cdc20,CycA,cdh1,E2F,CycE,Rb,p27,CycD,CycB,UbcH10
,,,Antibody Name,Cdc20,CycA,cdh1,E2F,CycE,Rb,p27,CycD,CycB,UbcH10
,,,HUGO ID,Cdc20,CycA,cdh1,E2F,CycE,Rb,p27,CycD,CycB,UbcH10
Cell Line,Inhibitor,Stimulus,Timepoint
C1,no,Insulin,0.0,0.9544882609143948,0.2639301903138993,0.5425013852776328,0.8949397096452204,0.9736498680624732,0.522360432903698,0.7768611960467677,0.02895655813551401,0.5201439567238944,0.059016774223068946
C1,no,Insulin,0.33557046979865773,0.6697858507648948,0.2047429556799802,0.6837754992115126,0.6626422285985466,0.701039346298173,0.5497597612952042,0.5876378024071266,0.09645252851209032,0.46234964164397485,0.06289491013315453
C1,no,Insulin,0.6711409395973155,0.4927042028483529,0.16240136384906145,0.7385062126606639,0.5184161269038683,0.5216595016236317,0.56272378830615,0.45275271449438437,0.15772914878889377,0.4398860271319898,0.06481763872392442
C1,no,Insulin,1.0067114093959733,0.38344152772274026,0.13257466199226145,0.7583330325838189,0.42886783477130497,0.40294294610919135,0.5707971832216718,0.35606492933672557,0.2040702024048228,0.4362046158880864,0.06560281354688345
C1,no,Insulin,1.342281879194631,0.31671114084072727,0.11170233288637756,0.76422524586132,0.3731586637306266,0.32401056143057866,0.5772688468665632,0.28615631001851083,0.23671411674240492,0.44111229223224646,0.06578115010217041
C1,no,Insulin,1.6778523489932886,0.27642453915671894,0.09716440570642011,0.7648575824981806,0.3383867776997342,0.27137243272274647,0.5830825924429736,0.2350740606533794,0.258917873437114,0.4488553341806959,0.06566167929184918
C1,no,Insulin,2.0134228187919465,0.2523996467035079,0.08708265207028272,0.763806578635018,0.3165871041584666,0.23621522875741366,0.5883558788543521,0.19730924293551172,0.27373111084010254,0.4565241787402792,0.06541239644000157
C1,no,Insulin,2.348993288590604,0.23825323626710895,0.08012029165403335,0.7624721483201694,0.30284303433187443,0.21272099993688706,0.5929931180144923,0.16904695244827558,0.28350209392442727,0.46291596944172536,0.06512017349557271
C1,no,Insulin,2.684563758389262,0.23003085876002016,0.07533014536956259,0.761325355257965,0.2941162052465954,0.19702044999363402,0.5969121781512526,0.14763678307159628,0.28990267865032765,0.46775470273292374,0.06482792290457254
C1,no,Insulin,3.0201342281879198,0.22531463557447473,0.07204473375199356,0.7604616670039532,0.2885257340848925,0.1865293885881609,0.6001027007571188,0.13122601959426386,0.2940774038556183,0.4711932060902044,0.06455559243572971
C1,no,Insulin,3.3557046979865772,0.22264620016860173,0.06979666804768958,0.7598452130890717,0.2849048449060933,0.17951899528423568,0.6026181644091941,0.11850844924339803,0.29679292287520326,0.4735284950449092,0.0643113880841301
C1,no,Insulin,3.691275167785235,0.2211579094292246,0.0682607800380603,0.7594102925113689,0.282527945694473,0.17483259613971222,0.6045496059863322,0.10855353665007877,0.2985562148326425,0.4750614035072548,0.06409758495711217
C1,no,Insulin,4.026845637583893,0.22034057142462693,0.06721219025335506,0.7590979797269478,0.2809424377630347,0.17169690791041606,0.6060011612888283,0.10069061221536761,0.2996999181265544,0.4760414477472828,0.06391349658230001
C1,no,Insulin,4.3624161073825505,0.2198994082583666,0.0664961756320571,0.7588651822325053,0.27986495881686935,0.16959553522200618,0.6070735063974974,0.09443030783422172,0.3004412119003757,0.47665531156883073,0.06375699831476782
C1,no,Insulin,4.697986577181208,0.21966605935454336,0.0660067330101487,0.7586835457788763,0.2791172535005094,0.16818400239317569,0.6078550328265676,0.08941103530432476,0.3009214619242022,0.47703386866845343,0.06362532757585664
C1,no,Insulin,5.033557046979866,0.21954570057884554,0.06567148349912028,0.758535600723305,0.27858655109733194,0.1672327419613585,0.6084186460084996,0.08536229956319519,0.30123250122780526,0.47726482843300494,0.06351551510417426
C1,no,Insulin,5.369127516778524,0.21948568838940402,0.06544113778791454,0.7584110535055157,0.27820099120971975,0.16658887342474657,0.6088219008310671,0.08207932830737691,0.3014339107257763,0.4774049888111763,0.06342462752139699
C1,no,Insulin,5.704697986577181,0.21945724251656118,0.06528219589705626,0.7583039718900547,0.27791437297672955,0.16615062789687682,0.6091088060628552,0.07940535010567881,0.30156431322249344,0.47749015201151523,0.06334990328294673
C1,no,Insulin,6.0402684563758395,0.2194448818723526,0.06517191676317563,0.7582109100052661,0.2776966510078751,0.16585025167592451,0.6093122119262497,0.07721907213322936,0.30164873678007215,0.4775423890692051,0.06328882616161637
C1,no,Insulin,6.375838926174497,0.2194404408475137,0.0650948749261557,0.7581297484891153,0.2775280229320104,0.16564262431644328,0.6094561942842703,0.07542574772218293,0.30170339029359894,0.4775750580036749,0.06323915821350153
C1,no,Insulin,6.7114093959731544,0.2194397043028821,0.0650406072588117,0.7580590371780661,0.277395214896509,0.1654976658273328,0.6095581453721048,0.0739507158922448,0.30173877027743107,0.47759611528929025,0.06319894725513768
C1,no,Insulin,7.046979865771813,0.21944055672713003,0.06500201293880253,0.7579976438246083,0.2772891559164524,0.1653952933105451,0.6096304896197224,0.07273468203994869,0.3017616718029358,0.4776102394102827,0.06316651716272619
C1,no,Insulin,7.38255033557047,0.2194419695910548,0.06497426271165252,0.7579445815259565,0.27720350385333414,0.16532205476428474,0.6096820292895798,0.07173021707716548,0.3017764980449445,0.47762016116330736,0.06314044795399816
C1,no,Insulin,7.718120805369128,0.21944347773829143,0.06495406962566165,0.7578989420066091,0.2771337277059517,0.16526892590604314,0.6097189584639011,0.07089915893418552,0.30178609524562894,0.477627460072469,0.06311955001013547
C1,no,Insulin,8.053691275167786,0.21944488438139884,0.06493918615793522,0.7578598683791611,0.2770765040629722,0.16522981551823845,0.6097456151271207,0.07021063090835514,0.30179230773875104,0.4776330551687209,0.06310283631711155
C1,no,Insulin,8.389261744966444,0.21944612268857625,0.06492806986149047,0.7578265585778052,0.2770293399180759,0.16520059227221667,0.6097650285689461,0.06963953634948568,0.3017963291555562,0.47763748688870983,0.06308949459302345
C1,no,Insulin,8.724832214765101,0.21944718346491848,0.0649196561076452,0.7577982683309233,0.276990324103726,0.16517843397165377,0.609779311267004,0.06916539456514392,0.3017989320794009,0.4776410810950047,0.06307886100176409
C1,no,Insulin,9.060402684563758,0.2194480799847372,0.06491320434010191,0.7577743181353975,0.27695796213200424,0.16516139415678552,0.6097899372740202,0.06877143098813941,0.30180061733500907,0.4776440417493267,0.06307039618905207
C1,no,Insulin,9.395973154362416,0.21944883423991612,0.06490819629921231,0.7577540988098583,0.27693106920908467,0.1651481204852651,0.6097979363362219,0.06844387001948897,0.301801707968101,0.47764650390925656,0.06306366407719231
C1,no,Insulin,9.731543624161075,0.21944946675029747,0.06490426451244231,0.757737066779556,0.276908690630797,0.16513765827840216,0.609804030154435,0.06817136826482215,0.30180241405157043,0.47764856214952334,0.06305831364999705
C1,no,Insulin,10.067114093959733,0.21944999729143497,0.06490114628795775,0.7577227468543177,0.27689005165327335,0.16512932733790825,0.6098087276047212,0.06794456630620281,0.3018028710371201,0.47765028705885354,0.06305406327710075
C1,no,Insulin,10.40268456375839,0.21945044209012074,0.06489865120331424,0.757710727775612,0.2768745178130395,0.16512263485863377,0.6098123894728775,0.06775572827993667,0.3018031667355843,0.4776517346405641,0.06305068768045158
C1,no,Insulin,10.738255033557047,0.21945081493467927,0.06489663906718879,0.7577006500877672,0.2768615658022309,0.16511721776730665,0.6098152742146667,0.06759844794328368,0.3018033583585593,0.4776529487522567,0.0630480070598222
C1,no,Insulin,11.073825503355705,0.2194511279323085,0.06489500601783488,0.7576922073924091,0.2768507639390306,0.16511280665005032,0.6098175682254371,0.0674674170417339,0.30180348232175147,0.47765396632592977,0.06304587820684235
C1,no,Insulin,11.409395973154362,0.21945139020219023,0.06489367352132025,0.7576851458315651,0.27684175392510013,0.1651091965191448,0.6098194076553041,0.06735823044146977,0.30180356248294077,0.47765481982894664,0.063044187187191
C1,no,Insulin,11.74496644295302,0.21945160993814777,0.06489258129744245,0.7576792410290769,0.27683423731237455,0.16510622960133853,0.6098208932294544,0.06726722912852955,0.30180361444987713,0.4776555343994994,0.0630428435545974
C1,no,Insulin,12.080536912751679,0.219451794462787,0.06489168274479841,0.7576742985618543,0.27682796640720014,0.16510378375117662,0.6098221004417337,0.06719137387438347,0.3018036480192322,0.4776561311865632,0.06304177557191
C1,no,Insulin,12.416107382550337,0.21945194870739035,0.06489094147915497,0.7576701749469694,0.27682273471335944,0.16510176197202608,0.6098230864692512,0.06712813440181761,0.30180366973886663,0.47765663133474096,0.06304092616976431
C1,no,Insulin,12.751677852348994,0.21945207787072687,0.0648903284418946,0.7576667297044279,0.27681836985530783,0.1651000873729728,0.609823895276824,0.06707540747704221,0.3018036837972568,0.47765704919203383,0.06304025027125006
C1,no,Insulin,13.087248322147651,0.2194521859441786,0.06488982053453028,0.7576638529893729,0.2768147283275881,0.16509869815247558,0.6098245609947002,0.0670314427536567,0.3018036928944248,0.477657398301697,0.06303971211026552
C1,no,Insulin,13.422818791946309,0.21945227633864378,0.06488939909324823,0.757661451227958,0.27681169026096814,0.16509754421828024,0.6098251104913411,0.06699478109412613,0.3018036987830549,0.4776576898406524,0.06303928330625609
C1,no,Insulin,13.758389261744966,0.2194523519070944,0.06488904899348504,0.7576594465639104,0.2768091556810233,0.16509658478598263,0.6098255650784894,0.06696420743214661,0.3018037025948177,0.4776579332760988,0.06303894137381433
C1,no,Insulin,14.093959731543626,0.2194524150646283,0.06488875787816106,0.7576577733633166,0.27680704110677734,0.16509578644035192,0.6098259418409732,0.06693870871335009,0.30180370506373283,0.4776581364831049,0.06303866847524668
C1,no,Insulin,14.429530201342283,0.21945246782787078,0.0648885156448266,0.7576563770975124,0.2768052770031919,0.16509512176579494,0.6098262545348011,0.0669174421349231,0.3018037066618863,0.47765830609628707,0.06303845049770519
C1,no,Insulin,14.76510067114094,0.21945251190413376,0.06488831393561494,0.7576552117803994,0.27680380507928254,0.16509456803701597,0.6098265143986408,0.06689970196492913,0.30180370770029435,0.4776584476592171,0.0630382761742827
C1,no,Insulin,15.100671140939598,0.21945254871416986,0.06488814590177538,0.757654239309536,0.2768025769752758,0.1650941065845638,0.6098267305416243,0.06688490326440465,0.3018037083751583,0.4776585658012165,0.06303813663914891
C1,no,Insulin,15.436241610738255,0.21945257944507715,0.06488800589905082,0.757653427934351,0.2768015524102385,0.16509372199006084,0.609826910399299,0.06687255924607852,0.30180370880644114,0.47765866439322374,0.06303802488379406
C1,no,Insulin,15.771812080536913,0.21945260508752884,0.0648878892691992,0.7576527512423443,0.27680069796088225,0.16509340151581606,0.6098270600728753,0.06686226624630986,0.3018037090744282,0.4776587466401811,0.06303793537223198
C1,no,Insulin,16.107382550335572,0.21945262649149558,0.06488779203385062,0.7576521866337412,0.27679998514330395,0.16509313428903222,0.6098271847754937,0.06685368030357702,0.30180370925205635,0.4776588152517352,0.06303786352185278
C1,no,Insulin,16.44295302013423,0.2194526443601641,0.06488771094734821,0.7576517154717763,0.27679939046543367,0.16509291141988816,0.6098272887174668,0.06684651799307939,0.30180370937423423,0.4776588724736873,0.06303780578266437
C1,no,Insulin,16.778523489932887,0.2194526592724358,0.06488764333020508,0.7576513223659007,0.2767988943557007,0.16509272555073956,0.609827375356183,0.06684054328598366,0.3018037094545783,0.4776589202108738,0.06303775934285226
C1,no,Insulin,17.114093959731544,0.21945267170758578,0.0648875869605747,0.7576509945841453,0.27679848053666534,0.16509257057303361,0.609827447553706,0.06683555992132369,0.3018037095003515,0.4776589600607098,0.06303772197450618
C1,no,Insulin,17.449664429530202,0.2194526820669339,0.06488753996948554,0.7576507215070821,0.2767981353913231,0.16509244135063708,0.6098275077284241,0.06683140368297937,0.3018037095248137,0.47765899335881074,0.06303769187581368
C1,no,Insulin,17.78523489932886,0.2194526906905019,0.06488750081042587,0.7576504942134729,0.2767978476757116,0.165092333640586,0.60982755787415,0.06682793905799896,0.3018037095393385,0.4776590211784481,0.06303766763633503
C1,no,Insulin,18.120805369127517,0.21945269788964392,0.06488746811242885,0.7576503046127001,0.27679760752934207,0.16509224370019904,0.609827599758588,0.06682504725457607,0.3018037095613221,0.47765904440802054,0.06303764800870483
C1,no,Insulin,18.456375838926174,0.21945270392157845,0.06488744078262239,0.7576501459044259,0.2767974069854093,0.16509216855193332,0.6098276347691285,0.06682263244302189,0.3018037095921167,0.4776590637298698,0.0630376320704116
C1,no,Insulin,18.79194630872483,0.2194527089993736,0.06488741796439466,0.7576500122688832,0.2767972396220614,0.16509210586796938,0.6098276639610806,0.06682061757364133,0.30180370961292624,0.4776590796518949,0.06303761916516953
C1,no,Insulin,19.12751677852349,0.2194527132798495,0.06488739893113438,0.7576498993760846,0.2767971000109204,0.16509205364789795,0.6098276882608369,0.06681893726949548,0.3018037096151229,0.4776590926995353,0.06303760873576804
C1,no,Insulin,19.46308724832215,0.21945271686091056,0.0648873830772829,0.7576498044530803,0.27679698360211213,0.16509201018364958,0.6098277084768775,0.06681753641874569,0.3018037095972732,0.47765910345662366,0.06303760031604581
C1,no,Insulin,19.798657718120808,0.219452719798487,0.06488736989221307,0.7576497264305464,0.2767968865874841,0.16509197397436098,0.6098277253176531,0.06681636864042285,0.30180370957397656,0.4776591126143646,0.06303759350417484
C1,no,Insulin,20.134228187919465,0.21945272211049113,0.06488735893074378,0.7576496657702035,0.27679680570027876,0.1650919436476451,0.6098277394347901,0.06681539383633868,0.3018037095771563,0.4776591209884698,0.06303758792602848
C1,no,Insulin,20.469798657718123,0.21945272387006326,0.06488734984500205,0.7576496207042166,0.27679673829263607,0.165091918224639,0.609827751258268,0.0668145801731656,0.3018037096034556,0.47765912890779305,0.06303758334213681
C1,no,Insulin,20.80536912751678,0.21945272525544116,0.06488734230093589,0.757649585999263,0.2767966821071825,0.16509189696251,0.6098277611213037,0.06681390140802437,0.30180370963677855,0.4776591360104286,0.06303757958906205
C1,no,Insulin,21.140939597315437,0.21945272663776916,0.06488733589981774,0.7576495502215017,0.2767966351152551,0.1650918792882939,0.6098277693445973,0.06681333536430112,0.3018037096572502,0.47765914077394395,0.0630375765589274
C1,no,Insulin,21.476510067114095,0.2194527280761383,0.06488733044166166,0.7576495115324402,0.27679659577488197,0.16509186467851272,0.6098277761608852,0.06681286364740209,0.3018037096520083,0.47765914325364806,0.06303757414068498
C1,no,Insulin,21.812080536912752,0.21945272929458742,0.0648873258916325,0.7576494784443174,0.2767965629594179,0.16509185253903028,0.6098277818227793,0.06681247034827038,0.3018037096370311,0.4776591451892859,0.06303757217893279
C1,no,Insulin,22.14765100671141,0.21945273033069088,0.06488732210194209,0.7576494499316624,0.2767965355962712,0.16509184247258044,0.6098277865163481,0.06681214259218303,0.30180370961166586,0.47765914665285614,0.06303757059371014
C1,no,Insulin,22.483221476510067,0.21945273103830917,0.0648873190132661,0.7576494308595774,0.27679651284740353,0.16509183402712316,0.6098277904388864,0.06681186896263648,0.3018037095961022,0.477659148676161,0.06303756927466142
C1,no,Insulin,22.818791946308725,0.2194527315275023,0.06488731648557398,0.7576494179695904,0.2767964939356753,0.1650918269581315,0.6098277937138075,0.06681164074671787,0.30180370958631103,0.47765915087334543,0.06303756818366377
C1,no,Insulin,23.154362416107382,0.21945273190901057,0.06488731437761647,0.7576494082726501,0.27679647815010466,0.1650918210097526,0.6098277964687636,0.06681145002528417,0.3018037095881245,0.47765915288419797,0.06303756727552129
C1,no,Insulin,23.48993288590604,0.2194527321960608,0.06488731262589183,0.7576494012958512,0.2767964649930716,0.1650918160102457,0.6098277987844072,0.0668112908018795,0.3018037095975844,0.47765915474577203,0.06303756651952278
C1,no,Insulin,23.8255033557047,0.21945273254850664,0.06488731110751224,0.7576493921288859,0.2767964539412511,0.16509181185869132,0.6098278007192666,0.06681115787381263,0.3018037096034475,0.47765915573170936,0.06303756591046955
C1,no,Insulin,24.161073825503358,0.21945273288510386,0.06488730981915003,0.7576493832259131,0.2767964446969036,0.16509180840225116,0.6098278023351771,0.06681104698963912,0.3018037096081036,0.4776591563404155,0.06303756541360009
C1,no,Insulin,24.496644295302016,0.21945273318602798,0.06488730874048723,0.7576493750261808,0.2767964369749259,0.16509180554680472,0.6098278036713004,0.06681095453139757,0.30180370960559455,0.4776591567215017,0.06303756501153543
C1,no,Insulin,24.832214765100673,0.21945273343402746,0.06488730784605543,0.7576493681903913,0.27679643054006065,0.16509180317835576,0.609827804777983,0.06681087747735306,0.30180370960040026,0.47765915704210715,0.0630375646830945
C1,no,Insulin,25.16778523489933,0.2194527335768617,0.06488730713349017,0.7576493643428702,0.27679642520996944,0.16509180119640393,0.609827805696312,0.06681081320054706,0.30180370959549635,0.47765915762673317,0.06303756440661877
C1,no,Insulin,25.503355704697988,0.21945273367549162,0.06488730654905894,0.7576493617654542,0.2767964207759923,0.16509179953721415,0.6098278064623146,0.06681075958285179,0.30180370959222197,0.4776591582215022,0.06303756417682045
C1,no,Insulin,25.838926174496645,0.2194527337364924,0.06488730606894955,0.7576493603359736,0.2767964170861524,0.16509179813631653,0.6098278071070897,0.0668107148000747,0.30180370959273306,0.4776591588384305,0.06303756398310889
C1,no,Insulin,26.174496644295303,0.21945273381141045,0.06488730565419133,0.7576493584852027,0.27679641399061333,0.16509179696377882,0.6098278076500927,0.06681067739662977,0.30180370959463276,0.4776591592398014,0.06303756382478876
C1,no,Insulin,26.51006711409396,0.21945273382572766,0.06488730532666569,0.7576493585341567,0.27679641143844363,0.1650917959545626,0.6098278081137011,0.0668106461897118,0.30180370960277153,0.47765915983990553,0.06303756368507107
C1,no,Insulin,26.845637583892618,0.21945273385787137,0.06488730504181384,0.757649357996791,0.2767964092960558,0.16509179511171945,0.6098278085043806,0.06681062013343776,0.3018037096103455,0.4776591602410322,0.06303756357081486
C1,no,Insulin,27.181208053691275,0.21945273394602385,0.06488730477572123,0.7576493556234329,0.27679640746863904,0.16509179443090302,0.6098278088275085,0.06681059835902826,0.3018037096125937,0.47765916025127175,0.06303756348449338
C1,no,Insulin,27.516778523489933,0.21945273399559972,0.06488730456135379,0.757649354456777,0.27679640595415395,0.16509179384223255,0.6098278091051811,0.06681058012687742,0.3018037096186176,0.47765916039589984,0.0630375634072765
C1,no,Insulin,27.85234899328859,0.2194527340633765,0.06488730437327976,0.7576493525623156,0.276796404673714,0.1650917933728481,0.6098278093292994,0.06681056491560654,0.30180370961883024,0.4776591603642123,0.06303756334840853
C1,no,Insulin,28.18791946308725,0.2194527341342196,0.0648873042114081,0.7576493504694328,0.27679640359217084,0.16509179299345092,0.6098278095117177,0.06681055217661429,0.3018037096158909,0.47765916025457617,0.06303756330232729
C1,no,Insulin,28.52348993288591,0.21945273418892222,0.06488730407863677,0.7576493488405581,0.2767964026873429,0.16509179267650403,0.6098278096630114,0.06681054148949415,0.30180370961291203,0.47765916018516275,0.06303756326352679
C1,no,Insulin,28.859060402684566,0.2194527342216479,0.06488730397761149,0.7576493478133955,0.27679640194652727,0.16509179242064442,0.6098278097821406,0.06681053266352556,0.3018037096084356,0.477659160184789,0.06303756323185913
C1,no,Insulin,29.194630872483224,0.2194527342511204,0.06488730389234976,0.7576493468682639,0.2767964013185602,0.16509179220832482,0.6098278098805144,0.06681052519984228,0.30180370960362535,0.47765916017264837,0.06303756320599771
C1,no,Insulin,29.53020134228188,0.21945273426701928,0.06488730382614566,0.7576493463534657,0.27679640080290246,0.16509179203027563,0.6098278099611247,0.06681051901339097,0.30180370959984604,0.4776591602084558,0.06303756318418445
C1,no,Insulin,29.86577181208054,0.21945273427136924,0.06488730377543521,0.7576493462278328,0.27679640038357617,0.1650917918785192,0.6098278100282477,0.06681051391981435,0.30180370959774855,0.47765916028790817,0.06303756316548365
C1,no,Insulin,30.201342281879196,0.2194527342736116,0.06488730373364429,0.7576493461682241,0.2767964000317461,0.16509179175072927,0.6098278100842855,0.06681050963702044,0.3018037095959601,0.4776591603625736,0.06303756314998493
C1,no,Insulin,30.536912751677853,0.2194527342777651,0.06488730369712381,0.7576493460842479,0.276796399741812,0.16509179164198617,0.6098278101326694,0.06681050612005415,0.3018037095955548,0.4776591604165237,0.0630375631373745
C1,no,Insulin,30.87248322147651,0.21945273427082712,0.0648873036706231,0.757649346346557,0.2767963994966018,0.16509179154417322,0.6098278101743375,0.06681050307077792,0.30180370959573066,0.47765916052012,0.06303756312550185
C1,no,Insulin,31.20805369127517,0.21945273425898787,0.06488730365034674,0.7576493467644186,0.27679639928786165,0.1650917914568152,0.609827810210693,0.0668105004316177,0.3018037095963688,0.4776591606418789,0.06303756311466838
C1,no,Insulin,31.543624161073826,0.21945273425205636,0.06488730363123561,0.7576493470367747,0.27679639911067916,0.1650917913820887,0.6098278102426277,0.06681049821127126,0.3018037095973342,0.47765916073012116,0.0630375631057899
C1,no,Insulin,31.879194630872483,0.21945273425651907,0.06488730361021212,0.7576493469532746,0.2767963989609977,0.16509179132259835,0.609827810270085,0.06681049640702795,0.3018037095981638,0.4776591607493621,0.06303756309957763
C1,no,Insulin,32.214765100671144,0.21945273427845535,0.06488730358465651,0.7576493463145937,0.2767963988366028,0.16509179128167067,0.6098278102925829,0.0668104950360892,0.3018037095983544,0.47765916066567926,0.06303756309681298
C1,no,Insulin,32.5503355704698,0.21945273428138895,0.06488730356756904,0.7576493462875131,0.27679639872039796,0.16509179123175569,0.6098278103161361,0.06681049362697501,0.30180370959990227,0.4776591606860963,0.06303756309141696
C1,no,Insulin,32.88590604026846,0.2194527342864409,0.06488730355154165,0.7576493461849921,0.27679639862014405,0.1650917911895107,0.6098278103368052,0.06681049242803923,0.30180370960126834,0.4776591606897607,0.06303756308691846
C1,no,Insulin,33.22147651006711,0.2194527342937576,0.06488730353702293,0.7576493459922609,0.27679639853728305,0.16509179115689576,0.6098278103536035,0.06681049145936684,0.30180370960211284,0.4776591606741954,0.06303756308353463
C1,no,Insulin,33.557046979865774,0.21945273430333248,0.0648873035248278,0.7576493456974057,0.2767963984752,0.16509179113678324,0.6098278103650759,0.06681049076402135,0.30180370960204017,0.4776591606370419,0.0630375630815945
C1,no,Insulin,33.89261744966443,0.2194527343140803,0.06488730351469828,0.7576493453419658,0.2767963984292714,0.1650917911260865,0.6098278103724118,0.06681049027712146,0.30180370960127895,0.47765916058639213,0.06303756308068247
C1,no,Insulin,34.22818791946309,0.21945273432308912,0.06488730350414047,0.7576493450618129,0.2767963983788251,0.1650917911102078,0.6098278103819591,0.06681048972006043,0.30180370960123015,0.47765916054913565,0.06303756307894608
C1,no,Insulin,34.56375838926175,0.2194527343304384,0.064887303495916,0.7576493448238104,0.27679639833893394,0.1650917910988028,0.6098278103890267,0.06681048928192497,0.301803709600932,0.47765916051718704,0.0630375630775546
C1,no,Insulin,34.899328859060404,0.21945273433464701,0.06488730349096423,0.7576493446746135,0.27679639831148206,0.16509179109199076,0.6098278103931876,0.06681048897570196,0.3018037096003999,0.4776591604982896,0.06303756307648666
C1,no,Insulin,35.234899328859065,0.21945273433398393,0.06488730349044043,0.7576493446690268,0.27679639829925534,0.16509179109008468,0.6098278103938728,0.06681048882366049,0.30180370959966507,0.477659160501386,0.0630375630757432
C1,no,Insulin,35.57046979865772,0.2194527343326693,0.06488730349088317,0.7576493446815917,0.2767963982914675,0.16509179108998961,0.6098278103934914,0.06681048872210096,0.3018037095988435,0.4776591605067448,0.06303756307517502
C1,no,Insulin,35.90604026845638,0.21945273433299212,0.06488730349035708,0.7576493446460805,0.2767963982821583,0.16509179108978067,0.609827810393464,0.06681048861327445,0.30180370959804803,0.47765916050393337,0.063037563074702
C1,no,Insulin,36.241610738255034,0.21945273433220588,0.06488730349087209,0.757649344649827,0.2767963982774399,0.16509179109050587,0.6098278103926605,0.06681048855309843,0.3018037095973535,0.4776591605067745,0.06303756307439944
C1,no,Insulin,36.577181208053695,0.2194527343304778,0.06488730349218855,0.7576493446921895,0.27679639827694213,0.16509179109156952,0.6098278103914007,0.06681048853776926,0.3018037095968855,0.4776591605150494,0.063037563074277
C1,no,Insulin,36.91275167785235,0.21945273432804085,0.06488730349403675,0.7576493447710871,0.2767963982804599,0.16509179109238614,0.6098278103900205,0.06681048856588302,0.3018037095967891,0.4776591605282187,0.06303756307435787
C1,no,Insulin,37.24832214765101,0.21945273432480172,0.06488730349636924,0.7576493448712429,0.27679639828363106,0.16509179109330116,0.6098278103883349,0.06681048858487887,0.3018037095965599,0.4776591605453885,0.06303756307438979
C1,no,Insulin,37.58389261744966,0.21945273432296586,0.06488730349808877,0.7576493449262687,0.27679639828775027,0.16509179109505792,0.6098278103867176,0.06681048862466632,0.30180370959634023,0.47765916055437163,0.06303756307458654
C1,no,Insulin,37.919463087248324,0.2194527343215345,0.06488730349944287,0.7576493449740872,0.27679639829165137,0.16509179109624855,0.6098278103854778,0.06681048866399714,0.30180370959627245,0.47765916056188734,0.06303756307485076
C1,no,Insulin,38.25503355704698,0.2194527343212678,0.06488730349995868,0.7576493449903946,0.27679639829470376,0.16509179109688593,0.6098278103848531,0.06681048870011849,0.3018037095963634,0.4776591605638011,0.06303756307520501
C1,no,Insulin,38.59060402684564,0.21945273432124549,0.06488730350024581,0.7576493450025286,0.27679639829759867,0.1650917910971502,0.6098278103844712,0.06681048873563081,0.3018037095965509,0.4776591605648565,0.06303756307560582
C1,no,Insulin,38.9261744966443,0.21945273431258702,0.06488730350604165,0.7576493452824756,0.27679639830728753,0.16509179109801375,0.6098278103810739,0.06681048879849552,0.30180370959644554,0.477659160611856,0.06303756307569686
C1,no,Insulin,39.261744966442954,0.21945273430405157,0.06488730351172056,0.7576493455600917,0.27679639831684894,0.1650917910986933,0.609827810377799,0.0668104888604753,0.3018037095963831,0.4776591606584015,0.06303756307581505
C1,no,Insulin,39.597315436241615,0.21945273429612483,0.06488730351698649,0.7576493458195064,0.27679639832586833,0.165091791099229,0.609827810374784,0.0668104889196916,0.3018037095963591,0.4776591607018087,0.06303756307597222
C1,no,Insulin,39.93288590604027,0.21945273428929243,0.06488730352154336,0.7576493460448497,0.276796398333931,0.16509179109966107,0.6098278103721667,0.06681048897426584,0.3018037095963693,0.47765916073939296,0.06303756307618014
C1,no,Insulin,40.26845637583893,0.21945273428404005,0.06488730352509513,0.7576493462202516,0.27679639834062236,0.1650917911000297,0.609827810370085,0.0668104890223194,0.3018037095964093,0.47765916076846987,0.06303756307645059
C1,no,Insulin,40.604026845637584,0.21945273428085335,0.06488730352734573,0.7576493463298418,0.2767963983455278,0.16509179110037503,0.6098278103686766,0.06681048906197373,0.3018037095964747,0.47765916078635495,0.06303756307679535
C1,no,Insulin,40.939597315436245,0.219452734280218,0.0648873035279991,0.7576493463577503,0.27679639834823266,0.1650917911007373,0.6098278103680793,0.06681048909135026,0.30180370959656105,0.47765916079036375,0.0630375630772262
C1,no,Insulin,41.2751677852349,0.21945273428261963,0.06488730352675917,0.7576493462881068,0.27679639834832237,0.16509179110115665,0.6098278103684308,0.06681048910857039,0.30180370959666414,0.47765916077781173,0.06303756307775493
C1,no,Insulin,41.61073825503356,0.21945273428854395,0.0648873035233299,0.7576493461050413,0.2767963983453822,0.1650917911016733,0.6098278103698689,0.06681048911175556,0.30180370959677943,0.47765916074601444,0.06303756307839334
C1,no,Insulin,41.946308724832214,0.2194527342984766,0.06488730351741522,0.7576493457926837,0.27679639833899766,0.16509179110232738,0.6098278103725314,0.06681048909902718,0.30180370959690267,0.4776591606922874,0.06303756307915317
C1,no,Insulin,42.281879194630875,0.21945273430947587,0.06488730351081341,0.7576493454455671,0.27679639833156827,0.16509179110296657,0.6098278103755673,0.06681048908041314,0.3018037095970302,0.4776591606326992,0.06303756307991758
C1,no,Insulin,42.61744966442953,0.21945273430839038,0.06488730351156152,0.757649345487101,0.27679639833387654,0.1650917911028647,0.6098278103751805,0.06681048910140915,0.3018037095971605,0.4776591606391809,0.06303756308018627
C1,no,Insulin,42.95302013422819,0.21945273430757248,0.06488730351211218,0.7576493455191621,0.2767963983357643,0.16509179110272879,0.6098278103749322,0.0668104891189124,0.3018037095972868,0.47765916064411895,0.0630375630804166
C1,no,Insulin,43.28859060402685,0.21945273430708004,0.06488730351243073,0.7576493455396607,0.2767963983371681,0.16509179110257494,0.6098278103748364,0.06681048913253046,0.30180370959740466,0.4776591606471695,0.06303756308060428
C1,no,Insulin,43.624161073825505,0.21945273430697096,0.06488730351248252,0.7576493455465071,0.2767963983380247,0.16509179110241937,0.6098278103749076,0.0668104891418709,0.3018037095975099,0.47765916064798886,0.06303756308074505
C1,no,Insulin,43.959731543624166,0.21945273430730305,0.0648873035122329,0.7576493455376112,0.2767963983382707,0.16509179110227817,0.6098278103751602,0.06681048914654127,0.30180370959759817,0.4776591606462332,0.06303756308083462
C1,no,Insulin,44.29530201342282,0.21945273430813425,0.06488730351164725,0.7576493455108833,0.2767963983378427,0.1650917911021675,0.6098278103756085,0.06681048914614914,0.3018037095976652,0.47765916064155883,0.06303756308086872
C1,no,Insulin,44.63087248322148,0.21945273430952236,0.06488730351069087,0.7576493454642335,0.27679639833667735,0.16509179110210354,0.6098278103762669,0.06681048914030203,0.30180370959770675,0.4776591606336219,0.06303756308084307
C1,no,Insulin,44.966442953020135,0.2194527343115253,0.06488730350932914,0.7576493453955718,0.27679639833471126,0.16509179110210237,0.6098278103771497,0.06681048912860756,0.3018037095977185,0.47765916062207864,0.06303756308075338
C1,no,Insulin,45.302013422818796,0.2194527343142009,0.06488730350752742,0.7576493453028086,0.27679639833188113,0.1650917911021802,0.6098278103782714,0.06681048911067325,0.30180370959769626,0.47765916060658525,0.06303756308059537
C1,no,Insulin,45.63758389261745,0.21945273431760703,0.06488730350525104,0.7576493451838539,0.27679639832812347,0.1650917911023531,0.6098278103796463,0.06681048908610666,0.3018037095976356,0.4776591605867981,0.06303756308036478
C1,no,Insulin,45.97315436241611,0.2194527343210005,0.06488730350297328,0.7576493450649743,0.27679639832426844,0.16509179110251299,0.6098278103810286,0.066810489060266,0.30180370959756875,0.4776591605670623,0.06303756308010927
C1,no,Insulin,46.308724832214764,0.21945273432213175,0.06488730350212245,0.757649345025755,0.27679639832282577,0.16509179110231798,0.609827810381684,0.06681048904932221,0.30180370959759667,0.47765916056054014,0.06303756307997421
C1,no,Insulin,46.644295302013425,0.2194527343231826,0.06488730350131725,0.757649344988924,0.27679639832136343,0.16509179110211375,0.6098278103823161,0.06681048903763621,0.30180370959761826,0.47765916055445556,0.06303756307981759
C1,no,Insulin,46.97986577181208,0.21945273432413026,0.0648873035005742,0.7576493449552492,0.27679639831990815,0.16509179110190395,0.6098278103829131,0.06681048902539505,0.3018037095976329,0.4776591605489373,0.06303756307964035
C1,no,Insulin,47.31543624161074,0.21945273432495177,0.06488730349990984,0.7576493449254983,0.2767963983184866,0.16509179110169217,0.6098278103834632,0.06681048901278583,0.30180370959764,0.4776591605441142,0.06303756307944346
C1,no,Insulin,47.6510067114094,0.21945273432562432,0.06488730349934073,0.7576493449004392,0.27679639831712544,0.16509179110148203,0.6098278103839544,0.06681048899999563,0.30180370959763897,0.47765916054011504,0.06303756307922785
C1,no,Insulin,47.986577181208055,0.21945273432612503,0.06488730349888337,0.7576493448808397,0.2767963983158513,0.16509179110127717,0.6098278103843751,0.06681048898721154,0.3018037095976292,0.47765916053706853,0.0630375630789945
C1,no,Insulin,48.322147651006716,0.21945273432643106,0.06488730349855434,0.7576493448674677,0.27679639831469083,0.16509179110108121,0.6098278103847132,0.06681048897462065,0.30180370959761005,0.4776591605351035,0.06303756307874436
C1,no,Insulin,48.65771812080537,0.2194527343265195,0.06488730349837014,0.7576493448610908,0.27679639831367076,0.16509179110089775,0.609827810384957,0.06681048896241006,0.30180370959758096,0.4776591605343487,0.06303756307847838
C1,no,Insulin,48.99328859060403,0.2194527343263675,0.06488730349834733,0.7576493448624771,0.27679639831281777,0.1650917911007304,0.6098278103850946,0.06681048895076683,0.30180370959754127,0.4776591605349329,0.06303756307819754
C1,no,Insulin,49.328859060402685,0.21945273432595222,0.06488730349850243,0.7576493448723942,0.2767963983121584,0.16509179110058284,0.6098278103851142,0.06681048893987805,0.3018037095974904,0.47765916053698493,0.06303756307790277
C1,no,Insulin,49.664429530201346,0.21945273432568838,0.064887303498848,0.7576493448865239,0.2767963983136693,0.16509179110079625,0.6098278103847224,0.06681048895712624,0.30180370959753744,0.4776591605389271,0.06303756307821565
C1,no,Insulin,50.0,0.21945273432579507,0.06488730349859646,0.7576493448781655,0.2767963983121424,0.16509179110051686,0.6098278103850557,0.06681048893876468,0.30180370959749064,0.4776591605379991,0.06303756307784081